fyear,gvkey,p_aaer,misstate,act,ap,at,ceq,che,cogs,csho,dlc,dltis,dltt,dp,ib,invt,ivao,ivst,lct,lt,ni,ppegt,pstk,re,rect,sale,sstk,txp,txt,xint,prcc_f,dch_wc,ch_rsst,dch_rec,dch_inv,soft_assets,ch_cs,ch_cm,ch_roa,issue,bm,dpi,reoa,EBIT,ch_fcf
1990,1009,,0,10.047,3.736,32.335,6.262,0.002,30.633,2.526,3.283,32.853,17.691,1.971,1.431,2.355,0,0,8.382,26.073,2.135,31.767,0,5.42,6.895,40.522,0,0,0.769,2.333,6,0.069594687,0.046042722,0.041934821,0.033034369,0.312447812,0.09508151,0.082631422,-0.019760947,1,0.413169833,0.87355485,0.167620226,0.161960724,-0.042140216
1990,1011,,0,1.247,0.803,7.784,0.667,0.171,1.125,3.556,0.021,2.017,5.871,0.7,-1.869,0.663,0.132,0,1.246,7.117,-1.869,7.328,0,-3.339,0.29,3.635,0.006,0,0,0.64,1.188,-0.065603645,-0.240937195,-0.006247966,-0.026684022,0.315904419,0.188831504,-0.211389481,-0.117832439,1,0.157887461,0.74513922,-0.428956835,-0.157887975,0.10022779
1990,1017,,0,55.04,3.601,118.12,44.393,3.132,107.343,3.882,6.446,6.5,37.603,6.271,1.722,4.292,12.989,2.913,32.615,73.727,2.574,78.331,0,46.63,47.366,144.258,0,0,0.986,3.962,5.125,0.092822472,0.02014263,0.002156408,0.002745988,0.605342025,0.097550936,-0.105779791,0.091205983,1,2.231336626,1.01513135,0.394768033,0.063681002,0.066347917
1990,1021,,0,24.684,3.948,34.591,7.751,0.411,31.214,4.755,8.791,0.587,8.906,1.325,0.422,15.463,0,0,16.208,25.545,0.422,11.145,1.295,3.28,8.522,48.292,0,0.448,0.365,2.269,1.562,0.014059652,0.035120201,0.035583071,0.008331646,0.793067561,-0.005725392,-0.24970367,0.017545067,1,1.043581509,1.02626103,0.094822353,0.08834668,-0.017357595
1990,1028,,0,17.325,3.52,27.542,-12.142,1.017,32.662,6.735,32.206,0,0.266,2.711,-23.577,8.971,0,0,39.418,39.684,-22.812,5.782,0,-25.955,6.354,33.543,0,0,0,3.51,1.125,-0.540503062,-0.575324525,-0.10215323,-0.222021888,0.869181614,-0.231536476,-1.674893256,-0.466666554,0,-1.60250763,0.598443224,-0.942378912,-0.700820565,0.13034937
1990,1034,,0,148.396,24.301,328.495,111.015,8.478,153.262,11.235,44.339,0.273,101.386,8.283,14.106,61.062,0,0,95.747,217.48,14.106,128.932,0,62.986,75.212,275.457,0,7.072,8.614,11.945,25.375,0.060668613,0.041695719,0.020134435,0.029831189,0.688689326,0.040055628,0.092675059,0.003066773,1,0.389406142,0.851688455,0.191741122,0.10552672,-0.034367341
1990,1036,,0,637.88,199.012,1011.901,324.132,113.271,1185.288,28.489,22.444,60.769,195.221,18.628,19.724,248.266,0,0,314.503,535.625,26.381,275.815,152.144,-38.621,257.402,1437.561,0,2.223,12.522,16.928,8.25,0.009401544,0.026702867,0.022033115,-0.004162598,0.754448311,-0.033880706,-0.37243989,-0.040404848,1,1.379084112,0.955719778,-0.038166777,0.05517437,-0.042159726
1990,1043,,0,396.594,92.14,677.736,183.566,50.125,596.137,46.758,80.971,1.146,92.131,18.495,-41.532,171.143,0,0,326.531,494.135,-41.532,154.273,0.035,-130.386,162.197,876.545,0.082,0,0.75,19.593,2.125,-0.027599649,-0.071172506,-0.018774629,0.044958872,0.819712986,0.04702334,-0.061931804,-0.108795711,1,1.847471056,0.964188379,-0.192384645,-0.031264386,-0.041039047
1990,1045,,0,2657.8,966.3,13353.6,3727.4,949.3,10908.2,62.3,1319.1,2264.6,3271.9,687.4,-39.6,608.5,0,835.8,4824.7,9626.2,-39.6,13118.9,0,2422.2,951.4,11719.6,0,0,6.3,337.4,48.375,-0.019891874,-0.002608229,0.00538979,0.009747844,0.2438818,0.117693318,-0.369057389,-0.047424309,1,1.236792879,0.996030686,0.181389288,0.022772885,-0.038199001
1990,1050,,0,0.004,0,0.126,-0.778,0,0,9.928,0.624,0.132,0.226,0,-1.172,0,0.096,0,0.678,0.904,-1.61,0.024,0,-2.794,0,0,0,0,0.002,0.045,0.5,0.227642276,-1.117886179,0,0,0.80952381,,,-1.520085496,1,-0.156728454,,-22.17460317,-7.016393443,0.118902439
1990,1054,,0,102.483,22.629,166.156,112.805,35.334,102.568,13.234,0.121,0,2.143,7.606,4.974,3.846,0,18.979,51.208,53.351,4.974,32.127,0,66.157,60.655,207.486,1.201,0.266,4.591,0.26,8.75,-0.015612679,0.026740262,0.047266993,-0.00280082,0.7254568,0.09429905,-0.120180198,-0.060314608,1,0.974157473,0.863421474,0.398161968,0.059131178,-0.080460495
1990,1056,,0,71.081,11.981,123.616,54.671,1.355,86.546,7.854,5.677,27.042,40.827,4.349,2.505,31.183,13.073,0.061,25.804,67.232,2.505,46.249,0,5.076,36.685,122.562,0,1.278,1.02,4.929,3.625,0.059694717,0.027795844,0.068939629,0.04316911,0.784785141,0.133501384,-0.177028432,0.06781835,1,1.920251486,1.01616323,0.041062646,0.068389205,0.038577209
1990,1058,,0,46.777,18.633,79.11,-26.01,1.028,95.152,3.727,19.889,0,26.644,6.512,-16.798,22.637,0,0,69.507,105.12,-17.769,69.723,0,-45.567,19.728,126.514,0,0,0.15,10.888,1.375,-0.531054938,-0.094694785,-0.304659498,-0.10111146,0.582644419,-0.62246147,4.306655021,0.015517627,0,-5.075493329,0.95278076,-0.575995449,-0.08508406,0.19815051
1990,1065,,0,7.482,4.684,12.78,-3.604,6.125,33.695,11.551,3.321,4.027,6.262,2.636,-45.947,0.689,0,2.04,10.101,16.363,-45.947,10.194,0.021,-113.397,0.19,0.474,9.737,0,0,1.126,2,-0.130436459,-1.411358729,-0.002776064,0.026565392,0.125586855,-0.437113402,1.764732266,-1.121997666,1,-0.156003809,0.810616777,-8.873004695,-3.507120501,0.470658544
1990,1073,,0,0.82,0.384,1.412,0.183,0.108,1.65,3.507,0.114,0.109,0,0.159,-0.692,0.276,0,0,1.229,1.229,-0.692,1.287,0,-0.932,0.278,3.105,0,0,0,0.022,0.094,-0.278513732,-0.325040388,0.119547658,-0.222021888,0.762747875,0.011430551,-0.676599144,-0.344239526,1,0.55512088,0.894152812,-0.660056657,-0.474504249,0.002584814
1990,1075,,0,387.463,87.637,7010.645,1511.945,59.358,923.37,86.873,332.366,642.665,3218.168,213.891,101.268,129.25,537.649,0,623.045,5137.687,128.393,6796.688,361.014,-134.625,189.291,1596.639,0,90.634,77.689,357.575,10,0.005732796,0.025979332,0.002514584,0.002183583,0.260293596,-0.756125479,-0.733804127,0.065337155,1,1.740408412,0.960695163,-0.019202941,0.080400163,-0.033903265
1990,1078,,0,2461.242,351.243,5563.151,2833.617,53.15,2554.206,429.141,663.832,620.895,134.84,355.886,965.774,777.623,313.964,19.116,2001.175,2729.534,965.774,4257.55,0,2590.416,1070.189,6158.682,51.272,234.338,384.959,91.425,45,0.037468653,0.034989485,0.034086922,0.015672526,0.563389166,0.135200415,-0.001799763,0.00775115,1,0.14673328,0.983932505,0.465638269,0.25923402,-0.014644948
1990,1081,,0,718.9,208.3,2475.7,1118.8,0,2674.2,69.267,167.2,0,389.9,113.3,-44.6,399.6,0,0,531.1,1329.7,-44.6,2409.2,27.2,856.6,292.9,3088,0,0,-24.4,60.6,12,-0.067006697,-0.052250428,-0.035158075,-0.01304314,0.445126631,-0.036499227,-0.235015484,-0.037849807,0,1.345999297,0.937233857,0.346003151,-0.00339298,0.0137829
1990,1082,,0,19.65,6.679,76.606,18.676,2.266,61.75,2.978,4.948,31.018,39.104,1.655,1.027,4.01,5.373,0,16.51,57.93,1.027,66.261,0,13.756,12.765,77.094,0,0,0.631,4.203,3.125,-0.250830057,0.01682154,0.070713031,-0.222021888,0.317729682,0.351542296,-1.352623252,-0.010774499,1,2.006823371,2.089877701,0.17956818,0.076508368,-0.024030771
1990,1094,,0,62.95,3.007,68.244,46.092,19.667,104.429,3.916,1.878,0,4,0.694,5.002,22.717,0,10.858,16.612,21.202,5.002,11.683,0.95,16.912,20.07,121.594,0.178,0.401,3.289,0.598,13,0.054470048,0.101976092,0.064790378,0.009314911,0.634839693,0.044074681,-0.488434126,-0.001348334,1,0.905398227,0.951127649,0.247816658,0.130253209,-0.100438392
1990,1095,,0,45.282,10.879,214.325,-69.585,2.373,137.035,15.419,11.835,44.9,239.076,13.013,-14.518,0,0,0,44.834,283.91,-14.518,179.095,0,-62.568,29.273,159.075,0,0,0,26.605,2.75,-0.018251915,0.00362145,0.02019525,0,0.55910883,0.087628504,-0.467992041,-0.033878071,1,-1.641068575,0.967786536,-0.291930479,0.056395661,-0.038958315
1990,1096,,0,134.59,39.397,170.47,103.882,0,336.464,13.63,20.187,0,4.791,5.185,-9.024,82.883,1.496,0,59.584,66.588,-9.024,66.675,0,6.557,50.195,343.504,44.148,0,0,7.185,5.875,-0.093746303,0.177176607,0.003603723,-0.103930258,0.808523494,-0.056175414,-1.476813472,-0.00695208,1,1.297288522,0.918260701,0.038464246,-0.010787822,-0.179723971
1990,1098,,0,70.957,7.595,129.26,64.092,6.681,139.365,6.291,4.723,0,6.259,6.907,3.063,36.928,0,0,38.849,61.537,5.113,138.875,3.631,4.15,25.963,199.493,0,1.763,3.83,1.067,5.5,0.050366732,0.028261123,0.011271299,-0.011082941,0.609964413,0.027706985,-0.073771619,-0.014311233,0,1.852343174,0.983726223,0.032105833,0.077440817,-0.044015325
1990,1099,,0,43.47,5.047,60.42,27.807,0.109,58.629,4.7,0.567,6.226,22.71,1.867,3.69,22.4,0,0,9.109,32.613,3.69,30.765,0,5.783,18.392,90.589,0.583,0,2.192,1.8,8.5,0.102350849,0.050149085,0.040770463,0.035904197,0.761982787,-0.001233115,-0.007871719,-0.013966862,1,0.696045056,1.035991276,0.09571334,0.12714333,-0.046468418
1990,1104,,0,28.093,2.558,37.753,19.826,1.57,30.879,3.273,2.258,4.169,9.771,1.357,1.3,17.909,0,0,7.688,17.927,1.3,21.028,0,10.077,7.489,44.224,0,0.418,0.676,1.054,5.25,0.072808797,0.026963962,0.043862191,0.081562934,0.720922841,0.131485693,0.756778902,0.086130735,1,1.15379803,1.828621223,0.266919185,0.080258523,0.057923714
1990,1108,,0,64.245,5.763,81.832,21.341,1.364,98.953,5.53,37.069,0,5.586,2.494,-16.995,39.151,0,0,51.028,60.491,-16.995,29.313,0,6.741,16.755,130.584,0,2.888,0,5.855,3.25,-0.183999465,-0.110175377,-0.036248399,-0.195512936,0.861753348,0.0075506,-0.568756799,-0.191515466,0,1.187425233,0.808243295,0.082376088,-0.136132564,-0.083187143
1990,1109,,0,1.518,0.236,2.127,1.344,0.001,2.488,0.683,0.49,0,0,0.103,-0.085,1.109,0,0,0.776,0.783,-0.085,1.14,0,0.244,0.355,3.971,0,0,-0.006,0.035,2.25,0.106646059,-0.027820711,0.051519835,0.036063885,0.724964739,0.181984733,0.167577881,0.038407687,0,0.874573157,1.600776699,0.114715562,-0.026328162,0.058732612
1990,1111,,0,3.967,3.579,4.817,-14.737,1.581,19.983,4.251,9.382,0,0,3.81,-26.838,0.695,0,0.729,19.433,19.554,-26.838,6.815,0,-57.995,1.657,28.763,0.011,0,0.203,1.173,0.5313,-0.999627561,-1.362737166,-0.304659498,-0.222021888,0.542453809,-0.360560275,-0.016689166,-0.895858926,1,-6.525578757,0.800737511,-12.03965124,-5.28586257,0.99104836
1990,1115,,0,48.243,5.481,58.96,36.479,10.598,40.506,42.771,0.145,0,0,2.433,3.342,19.044,0,1.64,21.881,22.481,3.342,19.822,0,-47.096,17.796,75.74,0.573,0,0.115,0.072,0.875,-0.086446444,-0.016675884,-0.192200044,0.068144871,0.725050882,-0.063337093,0.165737608,-0.265550548,1,0.97473337,0.935810731,-0.798778833,0.059854138,-0.214205507
1990,1116,,0,7.761,2.173,11.803,1.547,0.191,13.007,7.054,0.5,0,2.597,0.357,-0.575,4.982,0,0,2.785,5.439,-0.575,8.301,4.817,-12.657,2.458,18.106,0,0,0,0.411,0.375,-0.095206963,-0.074776284,-0.129775671,0.061945818,0.697280353,-0.025242526,0.23327119,-0.074930966,0,0.584821851,1.383327366,-1.072354486,-0.013894773,-0.000490336
1990,1117,,0,34.828,7.492,55.362,20.635,6.736,63.145,20.65,6.818,0.287,10.948,1.809,1.7,18.693,4.286,0.469,20.197,33.175,1.7,25.273,0,8.328,8.181,80.611,0.051,0.08,-0.293,3.565,0.75,0.485333774,0.62120962,0.207500963,0.268206186,0.603319967,9.6,-0.786025686,0.257402643,1,1.332364952,,0.150428092,0.089808894,-0.606048099
1990,1121,,0,11.959,7.809,19.567,4.048,1.177,104.156,7.567,0.328,0.975,3.888,1.267,1.844,1.21,0,0,9.909,15.009,1.844,17.497,0.51,-19.84,9.089,110.003,0,0,0.02,0.275,1.375,0.109534755,0.17463211,0.13320652,-0.003698713,0.627025093,0.222553346,0.481860176,-0.020208769,1,0.389057751,1.027454908,-1.013952062,0.109316707,-0.178436501
1990,1128,,0,132.394,4.438,243.078,182.497,44.569,446.042,12.471,6.138,2.4,7.059,11.548,17.517,0,0,0,53.522,60.581,17.517,27.084,0,79.678,78.796,666.241,0.075,2.861,12.685,1.11,20,0.022029589,0.067953705,0.032869545,0,0.772431072,0.113183056,0.027481237,-0.021628748,1,0.73168551,0.982469884,0.327787788,0.128814619,-0.079976516
1990,1137,,0,20.868,6.026,33.181,22.237,3.018,68.42,5.821,0.626,0,0.74,3.706,8.453,5.993,0,0,9.784,10.944,8.453,33.004,0,10.029,11.807,88.274,0.196,0.631,3.417,0.271,7.5,0.01203349,0.231653164,0.003355818,0.013084302,0.569633224,0.272311444,0.014737186,0.090383883,1,0.509351281,1.494523208,0.302251288,0.365902173,-0.126741466
1990,1138,,0,13.672,0.05,17.483,16.213,11.85,2.161,1.892,0,0,0,0.101,2.662,0.004,3.22,0,0.764,0.764,2.662,1.258,0.506,13.036,1.424,3.314,0,0.245,-0.748,0.002,10.375,0.021375849,-0.115264246,0.018010038,-0.001121937,0.311674198,-0.081782118,-0.341864763,0.124534421,0,0.825950737,1.022131625,0.74563862,0.109592175,0.241334514
1990,1141,,0,2.201,0.691,3.648,0.435,0.131,5.057,1.891,0.934,0.032,0.361,0.223,-0.183,0.683,0,0,2.852,3.213,-0.183,1.122,0,-2.804,1.288,5.788,0.054,0.057,0.006,0.264,0.5,-0.237046308,-0.042302879,-0.211764706,-0.008760951,0.786732456,0.242089496,-16.19840385,0.25021802,1,0.460074035,1.061991913,-0.768640351,0.023848684,0.442052566
1990,1151,,0,9.968,1.175,15.768,10.041,0.126,12.089,4.731,1.273,0.9,1.167,1.148,1.184,3.893,0,0,4.442,5.727,1.184,4.285,0,4.28,4.77,26.9,0.068,0,0.561,0.246,2.625,0.129721556,0.094085933,0.076596864,0.001972451,0.878614916,-0.009506581,-0.090481692,0.009418132,1,0.808527343,0.787559319,0.271435819,0.126268392,-0.081462244
1990,1154,,0,20.227,3.622,24.84,9.452,1.004,24.454,2.552,0.059,0,2.593,0.696,2.198,12.906,0,0,12.667,15.388,2.198,8.459,0,8.425,5.436,34.364,0.082,0.911,1.296,0.791,3.75,-0.195248398,0.061803486,-0.080254725,0.056006858,0.773872786,0.266294876,-0.027703661,0.026872455,1,0.987670178,0.940718331,0.339170692,0.172504026,-0.031391599
1990,1155,,0,20.306,2.822,23.899,8.953,2.395,18.739,8.294,2.182,0.404,8.816,0.454,-0.82,12.125,0,0,6.09,14.946,-0.81,7.073,0,4.883,5.666,25.38,0,0,0.011,1.254,0.437,-0.071615561,-0.031707094,-0.114892449,-0.090032037,0.759655216,-0.263747612,1.515139776,-0.036399341,1,2.470148918,1.019086987,0.204318172,0.019038454,-0.005675057
1990,1161,,0,396.515,84.606,1111.692,636.269,115.073,550.233,82.338,61.042,64.781,131.307,128.274,-53.552,90.042,0,66,317.539,475.388,-53.552,1449.326,0.035,143.548,153.458,1059.242,7.632,0.215,0,20.158,4.875,-0.064765922,-0.026682697,-0.02975417,-0.00040195,0.314477391,0.004063203,-0.092808552,-0.089735248,1,1.585133449,1.283474509,0.129125693,-0.030038896,-0.062484026
1990,1164,,0,22.596,15.124,168.542,39.411,1.149,90.455,7.858,1.371,104.293,93.874,9.418,9.792,0,0,0,28.431,129.131,9.792,41.648,0,12.259,20.897,154.423,0.695,0,7.772,10.535,18,-0.014074997,0.067002362,0.034989301,0,0.802073074,0.526871048,0.552042245,0.055393667,1,0.278633648,1.029731858,0.072735579,0.166718088,-0.030010985
1990,1166,,0,155.303,33.595,227.33,25.012,14.141,135.524,7.404,58.677,13.337,62.487,11.275,-17.251,54.105,1.338,5.177,128.374,192.247,-17.251,117.147,0,-53.067,73.577,234.327,0,2.049,2.341,11.556,2.25,0.023001492,-0.069202198,0.067314437,0.035034201,0.653917213,0.012037109,-0.10684196,-0.107129639,1,1.501410769,1.00172634,-0.233435974,-0.014753882,-0.0357121
1990,1171,,0,88.492,18.597,352.284,153.964,0.093,176.613,20.847,3.972,70,131.816,23.853,28.255,0,17.989,0,48.96,198.32,28.255,201.215,0,64.68,79.28,350.685,1.677,0,15.721,13.44,21,0.055468134,0.093370226,0.053891457,0,0.645947588,0.084451401,0.060161429,-0.011140633,1,0.351687008,0.878092227,0.183601867,0.162982139,-0.084244045
1990,1173,,0,8.342,1,12.854,7.088,0.056,9.633,3.836,1.189,0,2.16,0.609,0.435,5.52,0,0,3.289,5.766,0.435,9.06,0,2.392,2.664,14.069,0,0.196,0.289,0.315,1.312,0.045551659,0.049018422,0.093602612,0.035957593,0.649369846,0.1731346,-0.077300188,0.028574709,0,1.408352926,0.861297422,0.186089933,0.08083087,-0.019994356
1990,1181,,0,97.349,32.63,497.51,213.491,4.985,247.477,70.12,0.382,50.504,153.845,21.575,24.179,18.56,0,0,80.158,284.019,24.179,309.775,0,168.898,66.151,535.959,0.46,2.113,17.657,13.802,8.25,0.017781047,0.076279677,0.009873755,0.002119801,0.640917771,-0.018347064,0.003562081,0.013442211,1,0.36904873,0.948745121,0.339486644,0.111832928,-0.116512378
1990,1186,,0,26.04,0.799,178.961,136.774,14.929,86.229,28.853,5.209,16.796,11.587,16.505,-47.687,8.425,13.941,0,18.477,42.187,-47.687,151.883,0,-21.678,0.317,71.143,42.929,0,0.357,2.787,7.125,-0.004786093,-0.151329621,-0.013255467,-0.00063561,0.20194344,0.91512675,0.645227082,-0.193234753,1,0.665315596,0.428505979,-0.121132537,-0.248897805,-0.024191226
1990,1189,,0,139.954,45.213,323.899,175.115,40.189,242.202,17.721,29.653,1.436,35.008,7.138,5.363,32.087,32.288,0,107.825,145.097,1.188,163.613,0,114.308,63.826,274.715,20.169,24.292,9.515,5.159,8.25,-0.247627525,0.016561463,-0.270770821,0.000937983,0.480140414,1.421464118,-1.561607669,-0.221907987,1,1.197791355,2.728568855,0.352912482,0.048972056,0.020705816
1990,1197,,0,15.753,0.964,26.575,20.734,0.573,33.411,5.15,2.36,0,0.06,1.624,2.432,13.21,0,0,5.781,5.841,2.432,23.465,0,4.059,1.081,59.584,0,0,0,0.568,3.25,-0.031649183,0.089309927,-0.003246985,-0.086491115,0.578852305,-0.046207205,0.202676829,0.259665817,0,1.238775205,0.990826321,0.152737535,0.112888053,0.193427532
1990,1203,,0,137.684,78.904,192.638,52.432,19.889,475.397,4.966,4.855,0,28.441,5.269,11.067,0,0,0,111.765,140.206,11.178,40.834,0,35.712,114.846,567.807,1.489,7.572,8.148,3.819,15.875,0.005224119,0.050582143,0.023317933,0,0.80558353,0.089097122,-0.07901971,0.013581039,1,0.665083643,0.936620024,0.185383985,0.120147634,-0.036842656
1990,1208,,0,23.106,3.4,46.848,16.284,13.357,72.676,3.355,2.055,6.65,15.854,2.461,3.767,5.318,0,0,10.182,30.564,3.968,32.902,0,-9.236,3.729,81.445,0.048,0,0.828,2.237,5.5,-0.022784786,-0.187074088,-0.01052043,-0.035560947,0.27920082,0.03843475,0.465618896,0.113213427,1,0.882482049,0.918090655,-0.197148224,0.150123805,0.303841379
1990,1209,,0,837.3,317.7,3899.5,1688.4,74.4,1471.9,55.7,103.4,190.9,953.9,308,229.9,246.9,37.1,0,623,2211.1,229.9,5010.2,0,1624.4,437.3,2894.7,0,16.9,106.9,103.4,44.875,-0.000596817,0.064016887,0.016518453,-0.007835977,0.343633799,0.086408468,-0.094080465,-0.006509205,1,0.675484965,1.035463365,0.416566226,0.112886268,-0.061879853
1990,1210,,0,2.284,1.11,4.877,1.803,0.124,21.955,15.514,0.738,0,0.514,0.235,0.744,0.204,0,0,2.56,3.074,1.091,0.985,0,-7.392,1.288,25.926,0,0.021,0.515,0.255,0.312,-0.039417941,0.173144226,-0.16190827,0.009209799,0.862210375,0.484794771,0.293624419,0.154674509,0,0.372492495,1.138103851,-1.515685872,0.381587041,-0.109044023
1990,1212,,0,51.541,27.795,250.345,89.06,14.264,166.361,9.027,4.276,39.08,90.852,10.149,-1.975,8.276,0,0,43.223,161.285,-1.071,222.274,0,28.293,21.884,206.069,0.043,1.22,-2.202,7.358,6.625,0.01453167,0.050821896,0.021533528,0.013428163,0.210301784,0.166554513,-0.261436051,-0.007733361,1,1.48920116,1.169201042,0.113016038,0.016317482,-0.06217287
1990,1213,,0,175.939,94.545,613.534,263.417,8.795,905.304,18.824,8.75,28.464,124.163,67.877,33.577,16.933,0,0,151.709,310.117,33.577,656.627,40,102.162,135.414,1181.89,109.461,2.207,21.862,12.964,17,-0.004073278,0.172706636,0.036382789,0.004562146,0.301313375,0.249379701,0.053870576,0.019186738,1,0.823157546,1.084677143,0.166513999,0.111490154,-0.145968368
1990,1228,,0,0.018,0.251,10.086,7.847,0.001,0.034,23.433,0.287,0.044,0.002,0.013,-1.004,0,0.491,0,1.487,1.489,-1.177,0.45,0.75,-13.491,0.017,0.041,0.314,0,0,0.016,0.344,-0.057886978,-0.070761671,-0.003144963,0,0.993598596,0.280701754,-0.879098542,-0.057351999,1,0.973458675,0.151757023,-1.337596669,-0.115110054,0.031842752
1990,1230,,0,167.716,107.824,1021.404,279.833,52.349,960.051,13.179,61.365,117.113,281.759,58.495,17.167,32.095,0,23.484,295.981,680.906,17.167,868.042,60.665,202.883,65.389,1046.965,61.172,2.693,10.751,20.266,17.5,-0.027379887,-0.081402115,0.006491235,0.010202171,0.263046747,0.143970544,-0.273081527,-0.035410607,1,1.213328564,1.115570433,0.198631492,0.047174282,0.054213209
1990,1231,,0,2.735,0.042,15.366,-70.304,0.054,10.059,5,85.549,0,0.026,0.745,-9.225,2.36,0.314,0,85.644,85.67,-9.225,38.713,0,-75.701,0.125,9.089,0,0,0,6.202,0.187,-0.011046367,-0.508243351,-0.009996962,-0.027008368,0.194910842,-0.045215779,-1.755100543,-0.191774709,0,-7.034304207,0.151757023,-4.926526097,-0.196733047,0.37159979
1990,1234,,0,16.531,14.18,38.487,11.258,2.456,84.056,2.074,0,0,0,0.548,3.869,0.427,0.239,0,17.646,27.229,3.869,26.567,0,7.484,12.594,89.639,0,0.52,2.105,0.262,14.25,-0.391889081,-0.065534373,-0.117111496,0.002911612,0.622651805,-0.414032483,0.389903119,0.234290879,0,0.380923417,1.498436233,0.194455271,0.162028737,0.248642403
1990,1235,,0,15.852,1.361,28.664,22.88,1.491,32.291,1.818,0.816,0,0.91,1.275,1.408,9.275,0.373,0,3.432,5.784,1.408,30.947,0,9.586,4.953,41.852,0.02,0.036,0.302,0.258,8.125,-0.047140477,0.02515075,-0.089848649,0.006287688,0.544376221,-0.02614923,0.838300427,-0.00854467,1,1.548954896,0.936024072,0.334426458,0.06865755,-0.033465615
1990,1238,,0,151.5,101.7,2082.2,797.2,29.8,283.1,66.785,40.8,60.9,595.9,137.5,53.6,42.2,0,0,142.5,1210,53.6,2610.9,75,252.4,79.5,564.2,14,0,28.4,60,16.875,0.014685726,0.034805169,0.005091052,0.007587625,0.167226972,0.105830671,0.014672992,0.007278982,1,0.707366646,0.954668887,0.121217943,0.068197099,-0.026825925
1990,1239,,0,329.393,78.24,436.547,230.868,74.999,362.544,28.5,5.084,0.375,60.728,10.125,35.01,138.861,0,2.429,136.777,205.679,35.01,131.683,0,168.076,110.944,795.825,37.351,11.36,19.694,7.89,20.75,0.07958116,0.105916345,0.057235169,0.035249556,0.640884029,0.099035551,-0.021464061,-0.000790605,1,0.390391883,0.823228781,0.385012381,0.143384332,-0.091971685
1990,1240,,0,677.391,395.8,2013.51,1087.882,23.433,6170.104,133.82,19.907,0,159.095,123.777,233.774,562.713,0,0,585.567,925.628,233.774,1959.444,0,951.931,52.274,8218.562,8.312,9.443,132.235,29.01,38.75,0.007444922,0.095629765,0.004215986,0.00930654,0.358390572,0.10537357,-0.021672548,0.006798862,1,0.209792065,0.968996145,0.472771926,0.196184275,-0.076423837
1990,1243,,0,3370,1024,10649,4942,200,6996,222.667,820,792,1796,393,543,1787,0,0,2148,5428,543,10445,212,3786,1383,8757,22,84,126,263,19.5,0.002877412,0.03294141,0.003770402,-0.009128343,0.402103484,-0.020006744,-0.082527676,-0.038271034,1,1.138183464,0.993826798,0.355526341,0.087519955,-0.061913975
1990,1244,,0,3.613,0.348,3.753,2.524,2.774,4.2,23.698,0,0.053,0.4,0.059,-0.092,0.164,0,0,0.586,1.078,-0.092,0.676,0.151,-15.981,0.486,4.015,0,0,0,0.053,0.4688,0.026505708,0.031754363,-0.011547041,0.026768141,0.234479083,0.222958723,-1.01920407,0.542054291,1,0.227214674,0.95395359,-4.258193445,-0.010391687,0.39863535
1990,1245,,0,496.663,241.711,756.894,36.137,21.749,2401.888,0.001,0.049,713.15,458.656,10.264,-20.549,286.094,0,0,260.089,720.757,-20.549,44.038,0,-36.484,187.463,2564.008,0,0,-6.37,64.299,18,-0.006296648,-0.005751166,0.019507545,-0.000955905,0.923376325,0.120973125,-0.434187558,-0.007490745,1,4.937456507,0.881216439,-0.048202258,0.049386044,-0.005564967
1990,1250,,0,10.122,0.67,15.491,12.339,2.537,10.925,2.165,0.137,0,0.683,1.605,0.641,5.351,0,0.9,2.239,3.152,0.641,17.012,0,8.801,2.132,17.972,0,0.062,0.301,0.097,5,0.05002974,0.059084,0.018637235,0.062190206,0.502356207,-0.14466686,-0.083874848,-0.00315891,0,1.139861432,1.131427538,0.568136337,0.067071203,-0.06417289
1990,1253,,0,2047,1706.7,2835,430.6,696,1156.5,40.6,10.1,24.5,182.6,72.3,54.9,0,94.1,283.8,1951.8,2404.4,54.9,501.7,0,104,1351,1338.4,0.2,0,44.8,28.6,23.125,-0.022023273,0.000294134,0.052760263,0,0.668183422,-0.137069401,-1.375316537,-0.002754432,1,0.458634004,1.05971682,0.036684303,0.045255732,-0.00180157
1990,1254,,0,170.357,43.766,1371.17,682.864,47.46,418.436,46.201,17.12,169.11,406.663,63.971,115.189,19.738,19.683,0,118.731,688.306,115.189,1664.165,0,628.714,105.716,674.331,0.644,6.075,51.19,33.415,22.25,-0.001237145,0.042810956,0.022283748,0.001600402,0.110704727,0.035300864,-0.203551461,-0.091690364,1,0.664282523,0.992018117,0.458523743,0.145710598,-0.112530017
1990,1255,,0,6.708,6.219,36.834,11.643,4.155,1.463,7.504,0.785,2.178,14.112,2.246,0.739,0,0,0,7.004,25.19,0.739,45.876,0.001,-3.186,2.342,7.269,1.254,0,0.025,1.414,1.625,-0.03503641,-0.003899499,0.021210913,0,0.07588098,0.230696975,-0.298901174,0.039260555,1,0.95481409,0.953055711,-0.086496172,0.059130152,0.041062909
1990,1257,,0,78.13,32.784,198.993,103.902,13.986,330.913,4.976,2.16,0,48.459,7.059,-3.949,50.921,0,0,40.61,93.517,-3.949,170.57,0,76.176,5.128,460.224,0,0,-2.71,4.611,32.625,-0.030085103,0.027988889,-0.045029241,0.013472851,0.416808632,0.032494286,0.180209997,-0.106933687,0,0.640019219,1.249108597,0.382807435,-0.010291819,-0.150149958
1990,1260,,0,16.708,4.077,26.448,10.505,0.362,7.147,6.738,2.471,7.022,5.027,0.47,-1.101,8.784,0,0.184,10.601,15.943,-1.101,6.703,0,2.961,6.698,24.687,0,0,-0.479,0.209,2.5,0.031024075,-0.068037716,0.066399944,0.185910484,0.80316092,0.247680841,0.663898348,-0.062899504,1,0.623627189,2.222622295,0.111955535,-0.051837568,-0.000046793
1990,1262,,0,90.181,18.23,324.553,47.807,57.259,111.829,3.891,60.548,19.226,105.63,19.345,4.982,7.236,0,0,84.212,276.746,4.982,455.672,0,27.571,21.095,162.097,0.059,1.426,3.169,21.939,10,0.022458067,-0.036441982,0.001666688,0.00200753,0.104799524,0.097656091,0.280874025,0.000255254,1,1.228655873,0.956266716,0.084950686,0.09271213,0.036645236
1990,1264,,0,1.965,0.269,2.701,1.857,0.609,3.7,2.819,0.013,0,0.04,0.459,-1.874,0.288,0,0,0.804,0.844,-1.874,3.535,0,-13.789,1.041,4.622,0,0.123,0.009,0.004,0.312,-0.137350706,-0.265743757,-0.115635179,-0.046959826,0.517215846,-0.407094198,-0.379916604,-0.597496157,0,2.111359865,0.7657264,-5.105146242,-0.689004073,-0.358034745
1990,1266,,0,18.311,1.251,69.341,48.559,7.751,11.718,7.028,2.5,10.51,7.41,2.677,4.697,7.107,2.929,7.025,5.201,20.782,4.697,61.54,0,45.434,3.276,20.66,0,0,2.542,0.688,23.125,0.033249553,0.043649887,-0.008068138,0.029105177,0.235921028,-0.116950284,-0.133414298,-0.089276948,1,0.298783245,0.958559817,0.655225624,0.11431909,-0.107864071
1990,1279,,0,445.601,141.631,4561.32,1632.306,22.878,1669.025,53.492,123.654,80,1642.227,180.891,209.907,193.138,13.581,0.123,426.09,2663.375,209.907,5972.695,265.641,803,171.293,2297.826,26.134,78.705,107.454,142.592,36.875,0.008546441,0.020317921,-0.001131343,0.006508334,0.11195553,0.028307418,0.143824716,-0.002019443,1,0.827524217,0.983049976,0.176045531,0.100837696,-0.021108838
1990,1281,,0,179.123,16.108,330.427,125.7,0.818,215.525,8.468,5.41,10.858,114.072,6.716,-1.262,82.465,67.615,0,70.373,202.427,-1.262,100.596,2.3,9.524,93.974,352.281,0.694,11.358,4.25,11.165,11.125,0.046959691,0.045060461,0.0581115,-0.01198118,0.823231758,-0.068864792,-0.017343174,-0.062780397,1,1.334303071,1.090351742,0.02882331,0.042832456,-0.080307207
1990,1283,,0,40.193,0.635,49.667,46.558,29.046,16.377,1.451,0,0,0,0.649,4.689,7.449,0,28.7,1.581,3.109,4.689,15.095,0,34.257,3.513,25.721,0,0.025,2.633,0,28.5,0.012182551,0.043086663,0.007663553,0.008413249,0.250911068,0.075373261,-0.106572838,-0.011598245,0,1.125853918,1.255434656,0.689733626,0.147421829,-0.04593967
1990,1286,789,1,1.036,0.153,2.458,1.989,0.305,3.145,14.654,0.044,0,0.048,0.231,-0.483,0,0,0,0.421,0.469,-0.483,1.856,0,0.347,0.626,3.281,0,0,0,0.015,0.031,0.006521739,-0.06557971,0.011956522,0,0.297396257,-0.54156669,-0.941601858,-0.048036793,0,4.378414789,0.699383995,0.141171684,-0.190398698,0.1
1990,1297,,0,322.348,44.635,439.526,91.356,12.739,425.949,6,181.142,39.197,38.75,14.239,-5.768,122.713,17.079,0,265.884,319.27,-5.768,126.837,28.9,9.151,184.645,526.501,0,0,0,27.428,3.25,-0.043301452,-0.028351756,0.015713802,-0.107719405,0.824431319,-0.094315103,-0.589586262,0.034088781,1,4.684924446,0.887810976,0.020820156,0.049280361,0.059680069
1990,1300,,0,4316,1256,10456,3380,382,9800,134.688,697,359,2051,426,462,2168,107,0,3424,7076,462,6435,0,2211,1452,12343,12,167,140,300,27,0.001262872,-0.020885953,0.000874296,0.010200117,0.620696251,0.028604787,-0.089023997,-0.007560268,1,0.92944572,0.977890187,0.211457536,0.086266259,0.014474451
1990,1311,,0,47.751,9.632,149.375,-102.09,0.342,211.111,85.706,9.551,11.59,121.568,11.821,-19.643,0,0,0,69.995,193.679,-19.643,99.735,57.786,-165.557,40.809,326.004,0.738,0,0,21.925,0.625,0.069016399,-0.154966333,-0.003756564,0,0.691407531,-0.043736311,0.031611693,0.003098005,1,-1.905864356,1.021524802,-1.108331381,0.015276987,0.174593254
1990,1318,,0,362.955,116.51,2623.834,1005.335,42.441,1029.349,79.219,30.313,167.145,905.189,193.911,192.799,88.584,158.482,0,343.343,1595.042,192.799,2759.43,23.457,609.402,222.026,1573.785,1.989,26.233,90.878,76.679,34,0.000777943,0.037922509,0.013069918,-0.000439342,0.315002397,0.276433916,-0.145102681,0.009150415,1,0.373252332,0.938794756,0.232256309,0.137339481,-0.022380845
1990,1324,,0,31.835,2.034,42.903,23.054,19.25,13.089,3.892,2.591,0.096,0.242,1.234,-1.235,2.11,1.428,14.96,16.818,17.483,12.994,5.57,0,12.159,10.086,18.442,0,5.054,-0.706,0.825,11,0.076409297,0.432243892,0.16703773,-0.030545908,0.47164534,-0.148787778,-1.256837809,0.525601537,1,0.53849388,0.982475364,0.283406755,0.305642962,-0.323804435
1990,1327,,0,27.509,4.071,57.071,38.233,1.735,42.378,7.422,0.315,0,5.349,5.091,1.306,11.015,0,0,13.055,18.838,1.81,67.385,0,9.558,13.76,66.344,0.311,0.417,0.943,0.67,3.875,0.145376795,0.097461702,0.0515903,0.020694511,0.457693049,-0.043852366,0.23044124,0.263646429,1,1.329369529,0.947108106,0.167475601,0.059977922,0.183863433
1990,1328,,0,0.44,0.208,0.756,0.151,0.004,0.828,45.936,0,0.149,0.207,0.13,-0.613,0,0,0,0.398,0.605,-0.613,0.587,0,-4.94,0.102,0.367,0.378,0,0,0.027,0.219,0.417824074,-0.253472222,0.116898148,0,0.583333333,-6.484197219,-1.003333702,-0.012954944,1,0.015009972,0.467551463,-6.534391534,-0.775132275,0.416666667
1990,1331,,0,11.108,1.178,24.658,-0.739,7.983,3.711,6.583,2.092,0.354,18.275,0.687,-6.051,1.137,3.131,0,5.661,24.411,-1.986,1.348,0.986,-18.297,0.825,6.347,0.073,0,0,3.027,4.375,-0.055386681,-0.224791601,-0.012308151,-0.004028122,0.648592749,-0.391395497,-0.232310851,-0.166062456,1,-0.025659165,0.981054786,-0.742030984,0.042217536,0.159931373
1990,1334,,0,20.782,3.67,27.521,15.66,5.55,28.467,2.849,1.275,0,0.65,2.831,-7.525,6.132,0,0,11.211,11.861,-7.525,15.025,0,-1.239,8.422,52.802,0,0.464,0.096,0.577,1.75,-0.204978179,-0.184291721,-0.118075872,-0.055313094,0.665673486,0.073294451,-0.033346907,-0.263610523,0,3.140951712,0.956746733,-0.045020166,-0.248973511,-0.080987323
1990,1351,,0,19.745,6.248,36.815,19.291,1.411,43.324,3.301,0.671,0,5.329,2.517,1.28,7.019,0,0,9.591,17.524,1.28,31.824,0,13.642,10.119,53.493,0.056,0,0.663,0.599,4.062,0.019145865,0.08036778,0.022229386,0.029433613,0.498003531,0.011069969,0.182594,-0.005458731,1,1.438698542,1.017018157,0.37055548,0.069047942,-0.083030821
1990,1356,,0,3744,763.2,11413.2,5107.5,636.1,7721.7,84.842,192.6,330.7,1295.3,707.5,295.2,1374.8,0,0,2037.7,4668.9,295.2,12919.4,55.8,4566,1604.9,10710.2,8.2,500.4,393.8,205.2,57.625,0.00922723,0.004940359,0.006770121,0.011745332,0.353108681,-0.025363913,-0.162516992,-0.059874902,1,1.044687839,0.943893257,0.400063085,0.078347878,-0.061549722
1990,1359,,0,353.956,6.867,530.868,219.605,302.383,38.766,32.39,0.698,191.872,279.499,5.61,24.654,14.28,5,96.378,18.571,311.263,24.654,179.242,0,-7.887,32.603,99.253,8.315,2.392,14.479,6.401,50.875,0.030530382,-0.297673056,0.025186894,0.008519312,0.147077993,0.038244668,-0.095705764,-0.008082765,1,0.133268299,0.850297308,-0.014856801,0.085772735,0.31202651
1990,1360,,0,0.411,0.009,0.915,0.814,0.376,0.094,2.724,0,0,0,0.075,0.08,0,0,0,0.025,0.101,0.085,3.42,0,0.044,0.035,0.312,0,0.002,0.007,0,0.187,0.03196347,0.066210046,0.026255708,0,0.038251366,0.45959596,0.123149356,0.115877664,0,1.597996625,0.745681818,0.048087432,0.100546448,0.043378995
1990,1365,,0,1408.8,289.9,4920.1,2218.4,52.6,2783.8,86.247,63,514.1,1379,237.3,225.9,696.3,0,0,845.3,2657.5,225.9,5207.3,0.2,849.3,576,3787.5,33.3,138.7,94.5,125,21.125,0.005400599,0.051898442,0.006410468,0.013413684,0.320420317,-0.054039768,-0.218221628,-0.037607272,1,1.217584586,1.194108112,0.172618443,0.090526615,-0.081426109
1990,1372,,0,94.496,26.286,184.554,67.361,1.686,216.157,6.668,8.735,13.8,41.198,10.794,-13.373,47.461,0,0,53.07,117.193,-13.373,132.455,0,30.495,42.593,274.341,0.062,0,-6.455,4.731,8.125,-0.026881196,-0.123208557,0.004164767,0.021735864,0.590580535,-0.180999743,0.088150502,-0.112075478,1,1.243339025,0.981184845,0.165236191,-0.081802616,0.010443548
1990,1380,,0,3279.885,1442.002,9056.636,3106.029,129.914,4708.925,81.019,393.311,461.413,2531.974,743.467,482.713,1345.732,4.599,0,2676.641,5950.607,482.713,11157.983,0,2793.511,1627.165,6947.505,0,271.296,132.788,259.097,46.375,0.029935355,0.079007679,0.116100386,0.039264014,0.371345166,0.128924219,-0.619620533,-0.017211758,1,0.826674812,0.921646916,0.308449075,0.096569852,-0.078208385
1990,1382,,0,251.138,111.974,1165.256,21.05,110.702,1269.932,19.332,50.827,283.919,620.701,77.503,-76.695,30.782,0,19.705,345.809,1144.115,-74.671,1070.114,0.091,-118.669,70.294,1315.804,10.857,16.76,0,67.11,5.625,-0.082779774,-0.088186689,0.003931757,0.008310259,0.160124471,0.349725758,-0.966755525,-0.101764815,1,0.193576746,0.995714796,-0.101839424,-0.006488703,-0.001260281
1990,1392,,0,1594.927,240.676,2326.767,1370.627,592.886,1083.005,110.178,30.861,0,24.978,156.568,183.954,413.838,0,353.7,693.564,956.14,183.954,1315.392,0,892.869,504.944,2158.755,11.208,47.113,122.55,13.965,14.125,-0.005802519,0.186003829,-0.033196848,-0.003252323,0.478277799,0.104227091,0.13414577,0.007209668,1,0.880716112,0.952453992,0.383738037,0.137731453,-0.172416523
1990,1397,,0,54.008,9.257,92.781,36.796,13.062,109.648,1.812,11.6,0,19.4,4.629,1.666,20.746,2.203,0,29.521,55.985,1.816,69.161,0,28.179,19.244,153.805,0,0.103,1.225,2.992,9.25,-0.035628356,-0.028693907,-0.026739653,-0.047122729,0.495661827,-0.048954367,-0.042536683,0.015766781,0,2.195334407,1.024334969,0.3037152,0.065024089,0.042846486
1990,1410,,0,132.383,11.682,201.696,79.558,1.608,572.265,4.02,2.545,7,20.005,7.019,9.846,12.59,3.221,0,66.453,122.138,11.233,47.76,0,58.148,108.664,679.128,2.634,0.848,0.693,2.667,28.5,0.060554689,0.060830425,0.025592386,0.010498393,0.911634341,0.07476117,0.012191283,0.009137333,1,0.694405167,1.002065739,0.288295256,0.07235146,-0.055121669
1990,1411,,0,107.418,23.579,207.003,109.875,20.092,263.49,7.104,3.974,30,43.339,9.65,14.268,35.147,0,0,39.825,97.128,14.268,130.058,0,97.055,51.789,398.794,0.207,1.048,8.197,3.313,19.875,0.016516545,0.005124709,0.012086985,0.018504997,0.554924325,0.02533665,0.035488681,-0.009188599,1,0.778195761,1.041528223,0.468857939,0.124529596,-0.001616628
1990,1430,,0,2476.1,424,5092,2562.7,428.4,2041.8,93.413,250.4,1.7,387.4,232.8,107.8,855.3,103,80.5,1703.2,2529.3,352.8,3698.4,0,2367.4,1178.7,4570.2,0,0,79.1,89.7,52.625,-0.071229827,0.040225773,0.008724859,0.005823197,0.541555381,-0.035438776,-0.031733084,0.00905646,1,0.521312742,0.997087782,0.464925373,0.102435193,-0.076834407
1990,1431,,0,0.886,0.235,1.451,0.282,0.018,4.004,3.253,0.124,0,0.061,0.071,-0.219,0.069,0,0,0.778,0.839,-0.25,0.334,0.33,-3.234,0.788,5.983,0,0,0,0.026,0.125,0.110250852,0.135026324,-0.121399814,-0.01548467,0.838042729,0.142355334,-0.169170032,0.438804092,0,0.69351368,1.056338028,-2.228807719,-0.154376292,-0.437906473
1990,1439,,0,29.277,6.376,79.343,8.763,10.774,32.331,2.96,0.679,0,22.977,1.152,3.767,0,0,0,16.254,70.578,3.767,11.1,0.002,-2.69,11.129,47.311,0.004,0.08,2.396,2.216,6.75,0.025764689,0.102559838,-0.015786309,0,0.785349684,0.091193131,0.323039853,0.095796976,1,0.438588682,2.460353507,-0.033903432,0.105604779,-0.043815323
1990,1440,,0,1400.722,266.744,13989.098,4167.16,119.858,3599.21,184.535,435.94,301.578,5001.051,477.511,549.039,674.552,485.23,51.348,1359.268,9142.117,549.039,16652.699,679.808,1278.95,491.504,5167.492,74.021,302.828,198.161,438.359,28,0.008645237,0.030948221,-0.012223255,0.016057269,0.200501991,0.068339758,0.13120764,-0.00947646,1,0.806498187,0.987813961,0.091424765,0.084748781,-0.040878445
1990,1441,,0,0.887,0.302,1.355,0.324,0.002,1.304,5.261,0.423,0.038,0.273,0.031,-0.086,0.673,0,0,0.758,1.031,-0.086,0.513,0,-1.732,0.199,2.004,0,0,0,0.083,0.125,-0.016326531,-0.046938776,-0.030612245,-0.068707483,0.927675277,0.333116461,-0.020905929,0.283688298,1,0.492682039,1.123309053,-1.278228782,-0.002214022,0.378231293
1990,1444,,0,0.031,0.345,0.734,0.098,0.004,0.901,4.521,0.173,0,0.007,0.103,-0.379,0,0,0,0.629,0.636,-0.715,0.075,0,-1.615,0.026,0.969,0.181,0,0,0.011,0.094,-0.160175535,-0.522216127,-0.015359298,0,0.978201635,-0.378241619,-1.011207957,-0.533041241,1,0.230602392,0.797503467,-2.20027248,-0.959128065,0.431157433
1990,1446,,0,40.795,27.275,220.453,91.937,16.525,17.776,38.149,7.039,60.289,77.467,16.786,2.822,2.516,0,0,40.899,126.308,4.049,241.384,2.208,-18.852,13.536,55.772,0.035,0,1.454,9.909,3.5,-0.53823081,0.159212386,-0.00990282,0.00103759,0.133924238,0.286613373,0.085627972,0.007623983,1,0.688556022,1.289343521,-0.085514826,0.069910593,-0.154696286
1990,1462,,0,63.91,5.029,184.111,118.215,30.122,139.523,9.045,0.73,0,29.082,10.895,23.325,14.918,0,0,9.632,65.896,23.325,185.222,0,88.248,13.698,196.15,0,2.863,14.175,3.968,21.125,0.034699021,0.087218542,0.01257626,0.005679424,0.188978388,0.03223419,0.013406314,-0.006809867,0,0.618681739,0.918342395,0.479319541,0.225233691,-0.082877722
1990,1468,,0,738.386,99.466,1255.714,656.606,80.533,549.443,31.609,46.879,35.145,246.181,47.666,82.497,277.63,0,0,254.217,599.108,82.497,612.647,0,551.553,293.432,1412.716,12.958,16.539,48.036,31.378,37.75,0.055559033,0.086991025,0.032667009,0.029470153,0.651470797,0.077182292,0.021237679,0.004068942,1,0.550271645,1.253444581,0.439234571,0.128939392,-0.078379292
1990,1470,,0,1.97,0.555,2.877,0.282,0.047,3.605,6.113,1.786,0,0.12,0.099,-1.28,1.041,0.095,0,2.475,2.595,-1.317,0.337,0,-26.806,0.838,5.767,0,0,0,0.173,0.125,0.006799417,-0.395661324,-0.029787923,0.102962603,0.915189433,0.94199536,0.604476242,-0.411557205,0,0.369049567,0.531857032,-9.317344456,-0.397636427,-0.045977011
1990,1472,,0,63.026,16.506,353.731,22.325,12.559,245.094,15.16,12.274,0,274.248,17.182,-14.87,3.158,10.005,0.91,45.763,331.406,-14.87,354.069,0,-89.592,42.743,281.759,0,0,0.07,19.871,1,0.01094551,-0.013185571,-0.027063862,-0.002677987,0.219327681,0.025612562,0.38367535,-0.040156653,0,1.47262533,0.896073127,-0.253277208,0.014335752,0.053758803
1990,1475,,0,77.722,11.86,288.202,-168.976,6.334,124.054,7.406,4.399,1.556,4.998,3.331,-17.025,44.092,6.704,0,49.612,446.728,-17.805,65.099,10.45,-249.434,21.907,156.955,0,0,0.695,10.397,0.094,-0.080837837,-0.021944794,-0.022097165,0.018338683,0.889088209,-0.046880284,-4.909979069,0.784848521,1,-7.034304207,0.937277413,-0.865483237,-0.023292691,0.161296439
1990,1485,,0,2478,1396.6,21715.1,7732.4,119.2,3249,264.326,1694.8,118.5,5074.4,1824.8,1253.8,206.4,0,0,4606.9,13982.7,1253.8,26369.9,0,4029.5,1824.2,10662.5,184.9,493.1,556.7,474.5,66.75,-0.003903909,0.02196009,0.005718673,9.63E-06,0.227661857,0.038941716,-0.002635277,-0.003149805,1,0.438251245,1.00549196,0.18556212,0.105226317,-0.021209153
1990,1491,,0,94.517,34.012,231.845,111.58,3.214,203.166,3.805,7.146,0.422,46.022,12.593,11.36,37.053,38.565,0,65.243,120.265,11.36,201.666,0,71.784,52.89,260.469,0.03,0,6.29,6.706,29.25,-0.026582796,0.060664215,0.026680527,0.005930487,0.567400634,0.115400463,0.270995016,0.01768876,1,1.002549502,0.947539983,0.309620652,0.105052945,-0.041069176
1990,1494,,0,19.243,2.939,109.27,26.459,12.289,35.8,5.533,23.099,44.834,52.62,9.292,3.521,1.973,0,0,28.844,82.811,3.521,106.451,0,2.627,3.225,69.908,0.01,0,1.044,7.802,6.5,0.018511081,-0.00063704,-0.005696427,-0.003194431,0.072764711,0.011299597,0.224399751,0.043257914,1,0.735697702,0.869280423,0.024041365,0.113178366,0.043041726
1990,1495,,0,10.496,0.1,11.643,10.991,7.466,1.424,2.762,0,0,0,0.064,3.19,0,0,4.746,0.652,0.652,3.19,0.66,0,10.963,1.869,8.753,0,0,1.989,0,22.625,0.092117494,0.082078453,0.03894776,0,0.347676716,0.161371238,-0.010238029,-0.100011994,0,0.175883473,0.925038344,0.78457252,0.444816628,-0.157928983
1990,1496,,0,6.461,1.179,8.26,3.522,2.239,6.608,1.077,0.6,0,1.05,0.32,0.47,1.251,0,0,2.648,4.738,0.47,6.533,0,-0.055,2.173,11.872,0,0.055,0.327,0.22,3,-0.196275287,-0.044776869,-0.296973044,0.005421415,0.566101695,0.534085032,0.233246132,0.116322399,0,1.090064995,0.90521128,-0.006658596,0.123123487,0.050399076
1990,1497,,0,53.709,9.311,327.024,20.078,11.089,128.327,4.733,19.716,5.35,198.637,16.105,-6.262,3.993,0,0,48.746,267.742,-0.341,41.523,0,3.219,36.425,217.426,0.009,0,0.014,29.238,4.125,-0.204201864,-0.05731216,0.012519106,-0.005471757,0.864331058,5.868934387,-1.942413154,0.006946183,1,1.028395085,0.268403544,0.009843314,0.088406356,0.044050927
1990,1498,,0,161.103,11.063,433.222,151.065,32.666,348.4,6.402,69.333,45,70.53,23.366,16.16,79.522,0,0,100.833,216.683,13.52,413.052,0.001,111.257,40.268,501.498,0,3.72,18.922,16.428,19.875,0.006947265,0.02024885,-0.003816794,0.008723767,0.371253076,-0.010696596,0.213454283,0.038294549,1,1.18724691,0.917929472,0.256812904,0.112805906,-0.012395826
1990,1500,,0,94.747,4.818,133.558,54.045,25.428,135.047,9.678,1.816,0,12.269,6.018,11.98,0,0,0,47.304,62.103,11.98,49.331,17.41,50.431,67.593,261.929,1.264,0.053,7.218,1.676,18.125,-0.073609258,-0.01008346,-0.023471192,0,0.694776801,0.192153846,0.06979066,0.038095273,1,0.308100271,0.963114413,0.37759625,0.156291649,0.054706649
1990,1506,,0,4.565,3.462,4.858,-2.686,0.112,19.458,12.737,0,0,0,0.069,-0.693,0,0,0,4.405,7.544,-0.693,0.355,0,-31.946,4.396,24.802,0,0,0,0.126,0.25,0.358306878,-0.11957672,0.191534392,-0.095449735,0.940510498,-0.397270985,-0.443893751,-0.17276043,0,-0.843526733,1.259567821,-6.575957184,-0.116714697,-0.058835979
1990,1511,,0,9.285,2.63,10.112,5.25,0.939,8.73,2.008,0.83,0.452,0.246,0.17,-0.494,5.285,0,0,4.395,4.862,-0.494,2.007,0,2.128,2.931,10.841,0,0,0,0.218,0.625,-0.007970738,-0.033302397,0.096085604,0.137467926,0.840090981,-0.384553599,-0.631725939,-0.044181875,1,4.183266932,1.717468354,0.210443038,-0.027294304,-0.003166457
1990,1513,683,1,4.572,0.81,26.372,0.341,1.462,3.644,5.731,5.532,1.81,16.841,1.513,1.15,1.097,0.793,0,9.19,26.031,1.928,13.732,0,-21.006,1.903,5.64,0,0,0.778,2.461,2,0.057570124,0.030235551,0.040531982,0.006905146,0.551569847,-0.283490057,-0.208303544,0.396554556,1,0.029750486,1.067781855,-0.796526619,0.195927499,0.302232936
1990,1523,,0,0.892,0.36,1.742,1.102,0.188,1.734,5.314,0.216,0.15,0.044,0.202,0.174,0.074,0,0,0.576,0.64,0.279,1.868,0,-2.904,0.593,3.566,0,0,0.105,0.031,0.375,0.032037971,0.086621181,0.06288935,-0.130525067,0.411595867,0.242816092,-0.211383461,0.06880664,1,0.553004642,1.028712871,-1.667049369,0.238231917,-0.043903886
1990,1527,,0,15.064,5.229,40.935,14.892,7.551,3.607,6.685,3.94,0,15.297,3.027,0.536,0,0,0,10.561,26.043,0.536,54.135,0,1.539,7.293,11.403,0,0,0.035,2.597,2.562,-0.006155863,0.037918242,-0.013411823,0,0.272700623,-0.342700329,0.750209311,-0.002578602,0,0.869506045,1.203811134,0.037596189,0.077390986,-0.04168666
1990,1530,,0,0.046,0.069,15.784,12.166,0.028,0,7.239,0.138,0,0.31,0.006,-0.365,0,0,0,0.352,3.618,-0.365,13.27,0,-0.283,0.015,0,0,0,0,0.048,2,-0.008549158,-0.023824491,0.000377169,0,0.166497719,-1.011811024,16.57380952,-0.014093541,0,0.840309435,4.036458333,-0.017929549,-0.020083629,0.010120694
1990,1532,,0,102.647,66.507,255.473,93.51,15.379,409.783,16.227,2.146,15.676,64.457,9.071,6.417,9.076,0,0,75.734,151.72,11.007,157.364,10.243,-37.031,77.875,441.166,0,0.325,5.277,8.185,8.25,0.037714497,0.017449211,-0.073113388,0.008679787,0.377374517,2.673387708,-1.153178119,0.123886822,1,0.698499134,0.40857071,-0.144950738,0.095779202,0.067313169
1990,1533,,0,33.666,7.915,150.678,24.807,20.944,18.689,4.823,21.567,3.483,85.317,8.529,7.363,2.413,0,17.461,29.482,125.871,7.363,107.749,0,12.285,9.28,59.509,0.447,0,4.875,12.861,8.625,-0.006316306,0.040896038,0.015415061,0.007439701,0.21469624,2.174718108,-0.082290161,0.037107453,1,0.59634541,0.218417687,0.081531478,0.166573753,0.003719851
1990,1537,,0,879.975,451.876,2846.055,1140.529,9.776,3440.136,15.511,207.753,225.05,816.221,171.945,125.543,250.686,0,0,732.236,1705.526,125.543,2970.063,0,680.499,586.186,3969.152,3.9,1.076,62.429,87.928,81.25,0.008352656,0.027746259,0.064156871,-0.006109858,0.36186054,0.287077602,-0.479061305,-0.002098639,1,0.904988718,1.052309694,0.239102547,0.096941205,-0.016766604
1990,1539,,0,10.553,2.324,17.656,13.407,3.313,12.975,4.377,0.187,0,0.48,0.467,0.307,2.738,0.62,0.136,3.769,4.249,0.307,2.929,0,7.393,3.747,14.603,0,0,0.38,0.297,1,0.005541944,-0.087621048,0.021584413,0.079103955,0.740428183,0.102564103,0.104253492,0.017162542,0,3.063056888,1.00977683,0.418724513,0.055731763,0.104713569
1990,1542,,0,18.939,2.374,36.801,27.695,3.987,30.341,7.362,0.522,0,4.504,1.209,3.346,5.881,5.491,2.887,4.423,9.106,3.346,21.248,0,14.203,7.35,47.719,0.282,0,1.506,0.516,15,-0.003357658,0.078363412,-0.024830425,0.005713435,0.612102932,-0.044535686,0.036106893,-0.041872868,1,0.250792357,0.800079134,0.385940599,0.145865602,-0.109584219
1990,1543,,0,467.417,65.592,1590.041,488.842,117.505,2126.921,18.466,7.368,0.66,480.567,108.071,-59.638,35.552,0,0,372.764,1026.199,-59.638,1613.812,75,270.981,268.406,2336.688,0,0,-33.546,48.073,15.5,-0.007000894,-0.063773895,0.026518632,0.003156277,0.293433943,-0.01470863,-0.292668065,-0.043363987,1,1.707906073,0.901278177,0.170423907,-0.028370967,0.020162403
1990,1544,,0,27.312,1.731,67.434,14.305,15.239,5.432,15.67,19.926,7.5,18.883,25.379,-17.419,0,0,0,30.246,51.289,-19.046,71.689,1.84,-130.484,12.073,42.03,43.601,0,0,7.169,3.5,0.06808162,0.343594345,0.076391869,0,0.186997657,4.86948052,-0.23148679,-0.022538146,1,0.260826031,0.210368016,-1.934988285,-0.176127769,-0.368785195
1990,1546,,0,9.017,5.769,61.208,23.727,3.495,47.645,4.92,1.387,5.959,22.847,2.638,2.544,2.361,1.956,0,8.75,36.834,2.544,61.677,0,11.702,0.644,57.025,0,0.091,1.616,2.532,6.75,0.006892278,-0.004413774,0.001595749,0.002444552,0.247729055,0.199911478,-0.163486951,0.015499938,1,0.714453478,0.768612007,0.191184159,0.109332113,0.022102824
1990,1554,,0,11.087,1.066,11.866,8.295,1.962,12.382,3.96,0,0,0,0.442,-0.527,6.051,0,0,2.757,3.571,-0.527,8.201,0,-7.031,2.98,15.97,1.603,0,0,0.039,6.875,0.029923206,-0.056492188,0.001588843,0.036102039,0.780718018,-0.227356389,-0.250002131,0.124132348,1,0.304683196,0.694119606,-0.592533288,-0.041125906,0.194633242
1990,1560,,0,13.919,9.012,78.209,12.234,2.515,74.653,6.665,12.478,2.275,28.614,3.289,-6.421,4.249,0,0,31.669,65.975,-6.421,94.456,0,-23.748,6.877,74.374,0,0,-3.349,3.921,2,-0.114629442,-0.106886647,0.018774196,-0.011628068,0.187382526,0.082899557,-0.656607283,0.063322475,1,0.917779445,1.240678732,-0.303647918,-0.074786789,0.183898317
1990,1564,,0,1.546,0.171,6.774,3.673,0.523,1.321,25,0.678,0.155,0.54,0.325,-2.997,1.002,2.997,0,1.534,3.101,-2.997,3.059,0,-16.64,0.019,0.134,0.672,0,0,0.147,0.375,-0.073254831,-0.309153601,-0.005855182,-0.009108061,0.771626808,0.376923077,-3.242174337,-0.037466655,1,0.391786667,1.058489182,-2.456451137,-0.420726306,0.276754928
1990,1573,,0,2281.222,1012.789,7244.708,1350.821,77.292,16125.364,34.538,87.36,76.203,3100.688,355.901,182.387,1758.455,0,0,2120.142,5893.887,182.387,4198.856,0,1078.688,232.167,22155.53,3.927,124.541,174.045,360.969,62.875,0.010008132,0.024728923,-0.00287133,-0.005461974,0.609931001,0.008803704,0.034038726,0.00851444,1,0.62204617,0.813944389,0.148893234,0.099024143,-0.015952121
1990,1577,,0,15.768,1.013,25.531,18.099,4.925,12.745,4.059,0.244,0,3.74,1.169,0.062,7.205,0,2.24,2.772,7.432,0.062,16.895,0,11.856,3.297,21.546,0,0.146,0.034,0.457,2,0.033138848,0.017656256,-0.074705411,0.053578919,0.428067839,0.039492305,0.315140628,-0.029050108,0,2.229490022,1.432946241,0.46437664,0.021659943,-0.045456279
1990,1581,,0,17776,4566,43775,14093,1389,32113,1092.143,4804,1518,9118,3440,2735,2626,3093,0,15089,29682,2735,38529,0,4166,12290,55977,670,0,1494,907,30.125,0.044315141,0.028209472,0.067147873,-0.014239768,0.569137636,0.057900175,-0.119497757,-0.006905862,1,0.428348144,1.05843622,0.095168475,0.117327242,-0.027276522
1990,1585,,0,6.131,1.436,29.568,9.274,0.194,12.939,2.281,4.419,6.5,7.887,1.099,-0.853,1.988,0.217,0.031,9.031,20.294,-0.853,23.981,0,7.79,2.923,22.256,0,0,-0.135,1.253,5,0.038298125,-0.059877873,0.070549177,0.002489971,0.337087392,0.058096863,-0.210093593,-0.231352955,1,0.813152302,1.287242483,0.263460498,0.008962392,-0.023990672
1990,1586,,0,4.595,2.448,7.416,-11.835,0.283,7.653,8.332,7.061,3.949,7.827,0.957,-12.524,2.305,0.843,0,11.301,19.251,-12.524,0.995,0,-18.63,1.401,17.955,0,0,0.017,1.556,0.687,-0.223749339,-1.219184007,-0.090729973,-0.00682397,0.883764833,0.119277465,-0.037472202,-1.006700782,1,-2.067579781,0.264104592,-2.512135922,-1.47667206,0.269979336
1990,1587,,0,131.878,41.239,2092.596,521.792,14.145,346.95,30.618,241.202,77.9,799.691,46.95,57.088,7.578,0,0.528,342.877,1522.786,57.088,2245.279,13.363,459.333,96.033,570.698,0.82,9.427,29.647,91.688,16,0.004803782,0.014169883,0.00278778,-0.000010477,0.084053014,0.090463868,0.177732855,0.002029621,1,1.06512509,0.921172779,0.219503908,0.08526395,-0.009794646
1990,1593,,0,184.532,31.945,375.373,141.012,5.383,314.953,3.779,22.496,63.302,110.266,14.286,11.427,75.924,0,0,81.136,234.361,11.427,254.025,0,161.36,89.638,445.9,0.327,1.456,6.133,14.042,38,0.031017785,0.014954602,0.018561713,0.028055001,0.645256851,0.059782111,0.050118296,-0.011422298,1,0.98196404,1.027665634,0.42986576,0.084188261,-0.022478328
1990,1594,,0,1090.404,97.875,1602.377,-581.251,452.568,2463.46,37.582,3.885,0,84.002,75.671,-793.459,552.471,0,213.894,221.763,2039.386,-793.459,627.245,144.242,-819.736,33.548,3109.08,0,0,-12.551,91.516,1.5,0.0983549,-0.513682319,-0.03213419,-0.222021888,0.452601354,-0.332448475,-0.030311733,-0.306052251,0,-7.034304207,0.786790166,-0.511574991,-0.445896315,0.217386118
1990,1597,,0,11.633,3.351,34.032,-5.695,3.926,31.12,3.844,1.807,10.375,22.865,2.012,-1.377,0.685,0,0,7.381,30.918,-1.643,31.438,8.809,-6.32,6.297,35,0,0,0,2.914,0.125,-0.025536261,-0.172174488,-0.013939795,0.001532176,0.274094969,-0.034520309,0.045362681,0.055590462,1,-7.034304207,0.999206035,-0.185707569,0.037347203,0.211410203
1990,1598,,0,317.66,53.66,615.17,199.412,110.625,498.749,43.732,24.329,1.72,223.749,24.063,37.338,102.636,21.898,23.731,133.263,412.846,37.338,332.177,0,171.86,99.564,660.745,0,8.197,19.317,20.818,9.5,-0.016438082,0.006720504,0.015058342,-0.004996254,0.493912252,0.149250284,-0.273464874,-0.012349608,1,0.479985751,0.961682428,0.27936993,0.125937546,-0.008346323
1990,1602,,0,326.903,19.861,514.026,398.015,156.537,71.46,42.22,1.651,50,12.817,17.384,34.339,35.85,15,120.788,103.194,116.011,34.339,218.108,0,27.22,92.657,381.245,127.101,0,38.106,4.331,131.2499,0.037723914,0.508353222,0.075601099,0.011405244,0.373025878,1.43501662,-0.05259019,0.009313154,1,0.071826086,0.957559373,0.05295452,0.149362095,-0.471325105
1990,1606,,0,14.626,0.817,20.994,14.256,1.124,9.374,3.133,0,0,4.5,0.534,-0.192,9.233,0,0,2.238,6.738,-0.192,10.137,0,9.503,4.168,16.992,0,0.257,0,0.302,1.375,-0.057888979,-0.053132284,0.050516101,-0.100128431,0.650852625,-0.231029156,-0.49895375,0.03810951,0,3.309288222,1.094556415,0.452653139,0.005239592,0.095133901
1990,1608,,0,1618.411,244.655,2928.616,1792.758,460.167,1805.988,105.951,378.636,11.66,61.095,206.406,287.112,481.727,0,45.674,953.21,1135.858,287.112,2303.328,0,1879.504,557.484,3043.589,0,151.384,174.9,38.321,43.5,0.004836971,0.030637323,0.013724231,-0.00479117,0.459911781,0.093678158,-0.042066513,-0.00933159,1,0.388980072,0.973588477,0.641772086,0.170842815,-0.028363753
1990,1609,,0,8216,3697,32209,14068,2399,20107,501.964,707,459,5249,2413,1913,1133,0,0,6799,18127,1913,43818,0,11930,4226,28010,292,1179,1497,598,52.375,-0.002171171,-0.016826578,0.019795974,0.000670509,0.220559471,0.155647441,-0.263171475,0.007723847,1,0.535100987,1.034901106,0.370393368,0.124437269,0.026501062
1990,1627,,0,257.606,41.392,717.513,-58.58,11.577,396.397,37.616,28.802,30.5,510.905,34.65,5.509,79.159,22.216,0,189.749,751.999,9.576,157.476,24.095,-204.401,130.003,652.238,1.894,24.964,11.9,81.08,2,-0.025606969,0.031417065,-0.014908149,0.001724415,0.873185573,0.023765142,0.247050122,0.205459018,1,-0.778658018,1.01600031,-0.284874281,0.142932602,-0.037100855
1990,1632,,0,232.4,35.043,487.188,342.724,8.287,195.548,46.857,11.074,22.818,24.129,45.706,-12.913,107.647,1.189,0,106.346,144.464,-12.913,452.807,0,225.229,97.592,485.214,1.986,2.132,-0.65,3.19,5.75,-0.026529602,-0.001419594,0.033742504,0.021553573,0.523491958,0.021344747,-0.069893279,-0.089289199,1,1.272045301,0.967326211,0.46230408,-0.021291575,-0.085382115
1990,1633,,0,141.527,5.793,185.355,153.501,77.189,74.706,14.035,0.379,0,11.177,7.832,12.431,33.176,0,67.185,17.375,30.692,12.431,89.155,0,130.242,29.357,138.076,0.201,3.412,4.585,1.03,9.375,-0.023566186,0.046821429,0.006660721,-0.017194587,0.362687815,-0.010906016,-0.099874871,-0.013512342,1,1.166614891,0.875278819,0.702662459,0.097359122,-0.058206297
1990,1634,,0,23.079,1.125,29.341,19.62,5.323,73.358,4.601,0,0,0,0.52,5.991,0,0,4.91,7.428,9.721,5.991,5.361,0,10.208,17.24,107.843,0.484,0.842,3.891,0,19.75,0.190129376,0.202682672,0.130254177,0,0.721447803,0.208039386,0.032177946,0.009878883,1,0.21591351,1.206143162,0.347909069,0.336798337,-0.164729994
1990,1635,,0,24.92,1.367,32.432,23.822,2.545,17.086,4.376,1.261,2.305,4.85,1.092,-2.172,12.527,0,0,3.063,8.61,-2.172,21.005,0,9.398,9.679,22.746,0.133,0,-1.818,0.45,2.375,-0.030700608,-0.102930093,-0.021164347,-0.008336538,0.692556734,0.134983291,0.784716791,-0.010011261,1,2.292119696,1.146564358,0.28977553,-0.109151455,0.093886026
1990,1640,,0,22.661,5.211,67.742,23.762,1.03,45.352,6.586,19.381,8.331,12.621,3.379,-2.721,7.476,0,0,30.093,43.98,-5.721,28.833,0,-9.612,12.156,61.389,0,0,0.069,3.376,2.375,-0.037721688,-0.073497526,0.019263913,-0.011953077,0.72126598,-0.480906983,-0.081402295,-0.082933043,1,1.519139483,1.03628646,-0.141891293,-0.033598063,0.03173125
1990,1641,,0,42.365,2.931,78.013,13.962,21.315,0.007,1.767,0.166,0,16.043,0.461,0.489,12.148,14.013,7.496,22.889,50.656,0.52,20.506,13.395,11.811,8.342,4.452,0.011,1.383,0.346,1.073,9.25,0.016022827,0.111551969,0.077243871,0.166340245,0.505108123,-1.021999642,-17.35969922,-0.116169951,1,0.854219245,4.036458333,0.151397844,0.024854832,-0.079337476
1990,1642,,0,9.073,2.113,13.326,6.264,2.463,11.86,1.565,2.185,0,0.697,0.475,1.43,3.454,0,0,6.186,6.956,1.487,6.93,0,3.138,3.047,17.752,0.467,0.316,0.817,0.585,6.5,0.13831929,0.247856237,0.019685333,0.021847737,0.565060783,-0.165170899,-0.349310425,0.172063889,1,0.615777832,1.001500492,0.235479514,0.216794237,-0.239877712
1990,1650,,0,2.898,0.101,3.41,3.189,1.209,2.915,0.508,0.027,0,0,0.069,-0.073,0.86,0,0,0.221,0.221,-0.073,0.762,0,2.876,0.802,3.447,0,0,-0.025,0.003,4.875,0.090817934,-0.356682424,0.097120756,0.006302822,0.519354839,-0.20368947,-0.770970184,-0.063804871,0,1.287704548,0.783823835,0.78457252,-0.027859238,0.291648761
1990,1651,,0,189.258,14.02,319.542,198.524,13.823,210.399,9.625,3.462,50,63.447,15.141,18.161,70.333,12.711,0,53.19,121.018,18.161,165.595,0,180.061,102.013,365.99,0.647,5.375,11.45,5.181,18,0.03837991,0.037385382,0.037580186,0.01980171,0.754457943,0.213293824,0.017924461,-0.002921935,1,1.145882971,1.076268969,0.56349713,0.108880836,-0.030803039
1990,1655,,0,205.339,18.061,316.439,175.684,2.038,280.585,9.286,23.106,10.5,57.782,10.313,22.096,131.205,0,0,70.375,140.755,22.096,153.684,0,166.532,68.118,413.635,0,2.778,13.814,6.274,32,0.099481705,0.066963619,0.021144815,0.065207427,0.722410954,0.13011006,0.164303272,-0.000850636,1,0.591226039,1.044847101,0.526268886,0.133308473,-0.057286096
1990,1661,,0,83.044,8.506,209.098,103.235,28.845,99.745,53.738,5.908,53.631,37.755,4.524,14.562,5.874,23.026,8.004,51.936,105.863,14.562,206.338,0,14.601,44.06,138.974,45.85,12.249,2.363,3.624,6.5,0.099073777,0.405928984,0.228167723,0.031124277,0.387263389,0.489235379,-0.695130852,0.016160549,1,0.295550778,1.826166526,0.069828502,0.098274493,-0.340512436
1990,1663,,0,1426.3,711.2,9634.3,3679.1,95.3,6612,282.306,0,178.6,3147.1,481.5,842.4,567.2,151.4,0,1411.9,5955.2,842.4,10016.7,0,4592.6,562.6,10743.6,53.5,79.2,509.7,283,43,-0.008960343,0.059967846,0.003729904,0.00380493,0.256915396,0.13722575,0.004399877,-0.004805278,1,0.303077034,0.899791258,0.47669265,0.169716534,-0.051907824
1990,1675,,0,123.652,17.189,145.768,120.611,1.458,314.34,11.457,0,0,0,1.911,23.21,59.295,0,0,25.062,25.157,23.21,16.947,0,78.424,56.652,408.17,0.974,3.105,16.062,0.417,17.75,0.171937835,0.197275723,0.081803888,0.069414628,0.891684046,0.295728168,0.622701663,0.03728739,1,0.593085966,1.190832722,0.538005598,0.272275122,-0.14107429
1990,1677,,0,147.017,19.879,220.551,78.137,2.599,263.557,9.569,27.606,16.579,53.75,9.508,2.723,68.371,0,0,78.754,142.414,1.735,105.356,0,38.091,63.188,376.611,0.029,0,1.745,8.766,6.75,0.011613533,0.000785389,0.018366019,-0.008444093,0.741706,-0.027012702,-0.203660979,-0.06082464,1,1.209724704,0.951422087,0.172708353,0.055524573,-0.050515847
1990,1678,,0,138.456,86.089,829.634,386.78,85.185,66.289,44.694,5.153,215.465,194.781,116.8,40.297,4.663,0,0,122.778,442.854,40.297,1416.158,0,104.329,44.811,261.275,1.103,4.113,17.176,15.477,14.625,-0.015169366,0.038506853,-0.000683813,-0.005930984,0.097745512,0.030174975,0.007006972,0.020381428,1,0.591723626,0.918724867,0.125753043,0.08793034,-0.015702615
1990,1681,,0,0,0,0,-0.003,0,0,9.972,0,0,0,0,0.03,0,0,0,0.003,0.003,0.035,0,0,-0.883,0,0,0.004,0,0.005,0,0.109,-4.34E-15,1.504203875,0,0,,,,1.621628498,1,-0.002760022,,,,0.485526549
1990,1682,,0,23.094,0.368,23.331,18.594,22.513,0.228,7.36,0,0,0,0.028,10.335,0,0,0,4.737,4.737,10.335,0.287,0,9.195,0.219,15.93,0.015,2.455,3.83,0,11.5,-0.015958123,-0.051228623,0.001270551,0,0.02850285,0.735974678,0.059752574,0.101988942,1,0.219683365,1.600070721,0.39411084,0.550619489,0.208726145
1990,1686,,0,162.676,32.465,250.343,109.05,20.468,486.119,13.477,0.667,0,29.398,13.309,17.017,39.531,0,0,102.492,141.293,17.017,117.961,0,90.136,96.006,599.525,1.994,4.18,11.825,3.769,17.5,-0.023399926,0.029572491,-0.027254746,0.010197271,0.632663985,0.054359433,0.188038437,0.006436208,1,0.462375052,0.943446637,0.360050011,0.130265276,-0.017753203
1990,1703,,0,151.679,35.707,326.893,166.833,3.098,267.981,16.151,22.864,10,69.403,25.209,-10.02,74.175,3.014,0,79.901,160.06,-10.02,247.81,0,61.42,66.236,368.349,0.905,0,-1.13,6.966,6.875,0.021474048,-0.007420352,-0.023500993,0.084325391,0.507640115,0.222310796,0.300283492,-0.03627266,1,1.502483944,0.830229642,0.187890227,-0.012799295,-0.02849929
1990,1704,,0,366.894,53.411,558.009,300.308,72.016,286.247,16.635,27.413,21.784,53.611,16.42,34.073,102.272,0,14.899,195.238,257.701,34.073,236.765,0,173.743,147.267,567.13,4.451,13.288,20.011,6.717,17.5,0.055235284,0.108571118,0.031665568,0.05092825,0.545688331,0.175981591,-0.016821485,-0.064489647,1,1.031587445,1.553477701,0.311362362,0.108960608,-0.143678682
1990,1706,,0,191.472,34.225,393.55,115.45,6.52,248.418,12.77,53.442,75,141.755,19.888,19.563,93.136,0,0,126.5,278.1,19.563,123.301,0,91.28,83.275,445.398,0.258,8.72,14.802,20.384,17.75,0.057932041,0.100942906,0.01357398,0.050628408,0.754524203,1.14041767,0.052707122,-0.024984614,1,0.509336363,0.530391757,0.231940033,0.139115741,-0.101636124
1990,1707,,0,6.367,1.367,23.632,11.708,0.037,18.674,3.418,7.607,0,0.936,3.22,-0.868,3.964,0,0,10.929,11.924,-0.868,34.184,0,-9.707,1.789,29.428,0,0,0,0.842,5.5,-0.0140738,-0.025457593,-0.029083254,-0.043390967,0.279620853,0.46532634,0.363068971,0.032444532,0,0.622799085,0.87755823,-0.410756601,-0.001100203,0.110875032
1990,1712,,0,3.103,3.407,28.224,16.689,0.115,18.882,15.391,6.701,5.975,0.621,0.702,-2.88,1.127,0,0,10.108,11.535,-2.88,14.077,0,-12.866,1.861,19.173,0.75,0,0,0.683,0.75,0.00884909,-0.064446756,0.01512454,0.005006258,0.550807823,0.187531678,-3.128785318,-0.084245043,1,1.445780001,0.827353578,-0.455853175,-0.077841553,-0.020448095
1990,1718,,0,2.187,0.13,2.621,2.011,1.929,2.822,18.523,0,0,0,0.09,-0.348,0,0,0,0.61,0.61,-0.348,0.374,0,-11.966,0.213,2.415,1.355,0,0,0,3.25,0.050792172,0.261416589,-0.039142591,0,0.197634491,0.432091691,-0.80029622,0.633128878,1,0.033405456,1.095435685,-4.565433041,-0.13277375,0.14305685
1990,1721,,0,2.375,1.373,23.134,5.016,0.627,1.996,6.756,0,7.2,9.15,0.822,2.096,0,0,0,1.832,11.118,2.096,27.455,7,0.595,1.421,7.091,0.001,0,0.136,0.641,2.437,0.016435488,0.118974091,0.019837739,0,0.097864615,0.327269132,0.147622613,-0.00367347,1,0.304658043,1.523134372,0.02571972,0.124189505,-0.087778069
1990,1722,,0,2303.803,315.414,5450.01,3573.228,829.489,6596.568,283.754,20.249,9.154,750.901,248.669,483.522,771.233,813.631,421.111,676.344,1876.782,483.522,3977.689,0,1600.401,632.87,7751.341,0,89.835,269.639,108.2,25.6249,0.02680718,0.106831207,0.023962505,0.014979882,0.456643933,-0.052922278,-0.036921924,0.001940077,1,0.491423365,1.024931695,0.293651021,0.1580476,-0.095267607
1990,1724,,0,148.282,32.871,318.115,100.008,8.385,254.914,12.913,15.124,137.212,126.1,15.201,11.537,62.634,0,0.597,68.886,218.107,11.537,75.306,0,47.889,62.101,293.234,2.302,0,4.259,11.009,5.875,0.223566355,0.058783282,0.131749792,0.180624428,0.79606746,0.527343501,0.577239006,-0.087072915,1,1.318255889,0.869729179,0.150539899,0.084261981,-0.075645366
1990,1728,,0,89.234,16.701,143.287,56.834,27.91,173.666,1.512,1.495,0,33.84,10.58,11.543,32.949,7.277,0,40.502,86.453,11.543,98.239,0,63.167,26.84,330.903,0,1.934,7.831,4.281,43,-0.083490352,-0.053187855,-0.044805714,-0.059872436,0.507673411,-0.035994706,-0.123420361,-0.003262063,0,0.874154054,1.063263917,0.440842505,0.16508825,0.051236718
1990,1729,,0,2.406,0.609,5.465,2.691,0.054,12.119,2.971,0.902,0,0.988,0.297,0.319,1.459,0.189,0,1.786,2.774,0.54,3.348,0,-0.429,0.831,15.819,0.001,0,0.237,0.193,1.75,0.066890312,0.114465792,-0.014841923,0.095964217,0.59926807,0.282543782,-0.00818406,0.037341447,1,0.51757465,1.369254505,-0.078499543,0.177493138,-0.086408458
1990,1739,,0,0.241,0.249,10.17,1.706,0.238,2.98,10.484,0.32,0.315,7.212,0.051,-1.595,0,0,0,0.698,8.464,-1.595,0.429,0,-1.842,0,0.539,0,0.129,-0.795,0.577,0.062,-0.03997839,-0.223797947,-0.006212858,0,0.960570305,-0.422507404,-7.535400871,-0.262408222,1,2.624583082,0.151757023,-0.181120944,-0.17826942,-0.021609941
1990,1746,,0,981.33,304.09,5114.063,1155.359,44.391,1946.487,115.137,712.359,491,1450.145,172.495,105.871,162.263,65.883,0,1602.335,3769.443,105.871,4851.172,130,292.624,404.758,2436.244,0,0,53.771,172.817,20,0.006052635,0.121172702,-0.015264472,0.011121312,0.345243889,0.197932618,-4.358598436,0.047145282,1,0.501732284,1.055147794,0.057219475,0.065008781,-0.084104477
1990,1749,,0,8.624,0.257,9.364,-97.214,1.789,11.707,32.912,5.143,0.346,90.743,0.152,-6.073,2.479,0,0.85,13.843,104.586,-6.073,0.877,1.992,-176.791,4.244,18.36,0,0.986,0,6.971,0.02,0.040558908,-0.527592019,0.036644376,0.042842386,0.752776591,0.014180406,0.047961792,-0.115371055,1,-7.034304207,0.88794303,-18.87985903,0.095899188,0.399391073
1990,1753,,0,23.878,3.43,39.6,4.895,0.204,52.262,0.711,1.671,10.71,25.755,1.801,-0.104,12.094,1.092,0,8.454,34.705,-2.123,25.674,0,-0.872,9.945,63.785,0,0,0,3.051,7,-0.080587082,-0.086261908,-0.083299148,-0.076484799,0.649444444,-0.038562977,1.105549965,-0.026438937,1,0.983524211,0.895719887,-0.022020202,0.023434343,0.108186335
1990,1754,,0,13.844,2.318,15.197,6.407,3.141,25.161,2.541,0.011,5.063,5.041,0.585,0.546,5.389,0,0,3.749,8.79,0.676,7.135,0,-2.723,4.916,32.469,0,0,0.225,0.875,2,-0.349049663,-0.149785408,-0.223175966,-0.105334151,0.710863986,-0.072939666,0.506421146,-0.043708247,1,1.260724124,0.879257558,-0.179180101,0.116865171,0.112752912
1990,1755,,0,641.7,124.7,2294.2,844.3,188.6,1452.8,88.495,95,103,366.7,39.4,-55.2,180.7,309.3,19.4,478.9,1388.4,-89.5,1090.6,55.5,-21.6,235.9,1735.2,0.1,50.7,2.5,139.6,5.125,0.016348546,0.050007317,0.00351222,0.004473899,0.715979426,-0.33371918,-0.035905198,-0.09995384,1,1.861590637,1.456827112,-0.009415047,0.022927382,-0.160893107
1990,1762,,0,726.6,119.6,2146.3,892.7,24.6,1697.3,37.092,255.1,42,500.8,129.5,143.2,349.2,0,0,544.8,1239.6,141,1967.8,6.5,1272.4,302.7,2531.3,0,18.3,75.3,37.5,25,0.000957098,-0.043739382,-0.006125428,0.007226091,0.453943997,-0.001804842,-0.022505955,-0.023356648,1,0.962687372,1.101461638,0.59283418,0.118250012,0.038714617
1990,1766,,0,59.908,4.183,136.898,100.43,43.6,117.016,6.531,0.29,0,2.266,8.465,21.213,0,0,31.089,30.199,36.468,21.213,122.875,0,100.814,12.781,158.839,0,1.845,12.594,0.18,35.5,-0.067451306,0.082051364,0.004541529,-0.006732338,0.14739441,0.116510882,0.054907037,-0.014534696,0,0.433167062,1.056929115,0.736416894,0.248265132,-0.058120383
1990,1772,,0,42.055,3.832,61.882,26.511,0.542,69.032,2.757,7.186,20.908,16.331,1.736,1.054,27.721,0,0,15.872,35.371,1.059,33.381,0,19.9,13.151,99.355,0,0.194,0.652,2.317,5,-0.018083552,0.011359173,-0.029725526,-0.007321403,0.719676158,0.025286076,0.365513746,0.075006441,1,1.923177367,0.956920815,0.321579781,0.065091626,0.066583921
1990,1773,,0,327.082,57.872,478.045,150.935,0.859,767.014,11.938,6.904,23.399,207.054,9.167,10.105,184.821,0,0,95.866,326.873,10.105,55.774,0.237,2.43,138.095,970.944,0,0,0,28.972,4.375,-0.018168424,0.014451131,-0.028689142,-0.023822234,0.936690061,0.055123424,0.004203022,0.014454932,1,2.889883445,1.085511377,0.005083204,0.081743351,-0.000329925
1990,1779,,0,3.213,0.508,3.912,2.972,1.116,3.332,3.792,0.076,0,0.036,0.337,-2.489,1.394,0,0,0.904,0.94,-2.489,2.586,0,-4.77,0.462,5.561,0.259,0,0,0.066,1.125,0.109163564,0.114975933,0.0094451,-0.032331305,0.536042945,-0.575217827,-0.334575812,-0.73680187,1,0.696671355,0.907456669,-1.219325153,-0.619376278,-0.774861502
1990,1780,,0,15.971,3.605,19.419,13.067,5.787,16.084,3.766,0,0,0,0.421,1.971,3.541,0,5.596,6.077,6.352,1.971,4.601,0,3.07,1.069,44.158,6.978,0,1.121,0.071,4.5,0.154244046,0.589173462,0.008477316,0.005962858,0.537772285,1.151756486,-0.109621854,0.014757077,1,0.771051169,1.086384629,0.15809259,0.162881714,-0.513093143
1990,1781,,0,62.626,21.557,141.345,-8.263,2.854,140.114,3.841,30.393,2.588,67.116,6.746,-3.894,32.842,0,0,71.119,138.235,-3.087,41.417,3.954,-36.031,25.319,210.106,0,1.386,-0.83,12.328,6.5,0.089925301,0.038581665,0.082881123,0.168755573,0.746329902,0.705858373,-0.321088562,0.047405757,1,-0.330963491,1.578013033,-0.254915278,0.05950688,-0.197281807
1990,1783,,0,10.983,1.711,13.346,6.226,0.54,14.083,1.02,0,0,0,0.358,1.284,7.197,0,0,7.031,7.12,1.284,7.324,0,6.894,2.242,21.917,0.143,0.036,0.653,0.13,10.75,0.127765144,0.141244573,0.083440149,0.138350217,0.782481642,0.072370108,0.139960502,-0.001647334,1,0.567806658,0.881799058,0.516559269,0.154877866,-0.136034732
1990,1786,,0,540.899,120.114,1192.669,389.536,17.244,1316.285,18.796,107.505,84.72,320.674,60.776,33.237,189.189,0,0,338.038,692.169,34.256,704.749,100.455,252.412,281.628,1687.068,0.133,13.849,24.836,45.154,17.125,-0.007331118,0.027166385,0.002783293,0.003132927,0.659112461,0.110847519,0.063584008,0.012666663,1,1.210184493,0.972982204,0.211636255,0.087405642,-0.015480344
1990,1789,,0,676.807,223.578,2770.98,1509.973,34.593,1813.573,41.058,20.703,241.764,522.494,75.093,149.114,249.742,564.803,0,363.491,1261.007,149.114,2028.174,0,996.744,384.783,2208.543,0.065,29.51,19.048,38.038,27.125,0.023960998,0.021187294,0.028588955,0.004440306,0.595232373,-0.042262996,-0.274346542,-0.041901728,1,1.355818778,1.004959018,0.359708118,0.074414106,-0.052673902
1990,1790,,0,2.643,1.833,34.948,-23.589,1.64,0,2.837,0,3.8,55.4,1.619,-0.068,0,0.143,1.413,3.137,58.537,-0.068,148.424,0,-56.901,0.997,0,0,0.086,0.068,1.424,4.25,-0.030208274,-0.027081301,0.005335934,0,0.390809202,-1.551928783,-0.481346959,-0.000183024,1,-1.956416264,0.889066116,-1.62816184,0.040746252,0.026851799
1990,1794,,0,2143.454,1538.357,5117.9,1280.013,80.579,6903.873,57.803,169.82,232.6,1235.155,274.915,182.059,774.182,128.746,0,1805.546,3837.887,182.059,4696.649,0,1152.703,1147.444,8551.94,0.547,97.369,81.09,119.816,30.75,0.028733263,0.040225858,0.036426259,0.025190829,0.541725122,0.049001426,-0.166936631,0.018239411,1,0.720143228,1.179885998,0.225229684,0.074828543,-0.020201296
1990,1797,,0,0.462,0.077,1.397,1.211,0.192,0.169,20.876,0.017,0.05,0.046,0.084,0.054,0.22,0,0.009,0.14,0.186,0.068,2.186,0,-4.386,0.04,0.731,0,0,0.014,0.009,0.219,0.017119464,0.116858951,-0.048381094,0.107927056,0.193271296,0.2736,-2.435695992,0.887236009,1,0.26488236,4.036458333,-3.139584825,0.065139585,1.106810569
1990,1798,,0,7.744,1.066,14.593,10.549,0.777,13.056,3.899,0.255,0,1.51,0.857,0.763,4.179,0,0,1.632,4.044,0.763,10.13,0,6.303,2.4,19.049,0.046,0.017,0.425,0.188,2.25,0.016693668,0.048954004,-0.022046911,0.044516447,0.482491606,0.013717278,-0.060860127,-0.058543631,1,1.202473569,0.83983439,0.431919413,0.094291784,-0.089032894
1990,1802,,0,20.324,4.54,67.029,34.877,9.128,21.006,18.666,0.407,0.335,20.831,3.323,10.602,3.869,10.743,0,10.364,32.152,16.833,28.753,0,34.544,6.985,35.721,0.183,0.141,7.137,2.571,29,0.015240018,0.264938031,0.03918389,0.004666325,0.569693715,0.452973209,0.115439734,0.437544686,1,0.064430257,0.826718974,0.515359024,0.395962941,0.04628266
1990,1819,,0,8.59,1.422,9.725,-6.189,0.039,12.511,1.074,12.685,0,0,0.235,-4.397,5.934,0,0,15.575,15.914,-4.397,1.432,0,-6.708,2.208,16.015,0,0.05,0.076,1.438,0.75,-0.169072882,-0.360584449,0.012610889,-0.113063141,0.884010283,-0.101308115,-0.455296894,-0.429935784,0,-7.034304207,0.894640951,-0.689768638,-0.296452442,0.1251522
1990,1820,,0,14.985,1.6,24.415,17.583,3.885,13.641,3.18,0.507,0,1.458,0.792,2.347,4.299,0.04,2.083,4.216,6.832,2.347,11.368,0,13.333,6.161,28.979,0.04,0.473,1.501,0.202,8.75,0.021668851,0.080384447,0.052162516,0.012101354,0.539299611,0.187088781,-0.031672706,0.023055975,1,0.631913885,0.959885451,0.54609871,0.16588163,-0.049672346
1990,1822,,0,3.313,1.178,4.495,1.3,0.001,3.133,2.634,0.693,9.07,0.766,0.178,-0.912,1.971,0.224,0,2.329,3.195,-0.903,2.521,0,-1.833,1.316,6.459,0,0,0,0.187,0.812,-0.187295212,-0.18518127,0.058978966,0.008455766,0.789988877,-0.023542424,-0.038698038,0.130869769,1,0.607815209,1.33381421,-0.407786429,-0.159288098,0.32237607
1990,1823,,0,10.782,1.696,24.654,6.44,1.52,14.554,3.834,0.418,0.051,13.94,1.457,0.376,6.117,0,0,3.474,18.214,0.376,20.65,0,4.67,2.901,23.564,0,0.152,0.451,1.339,1.125,0.026781503,-0.012919102,0.027027581,0.012796063,0.480368297,0.006857444,0.291365285,0.093629465,1,1.493073801,0.916515889,0.189421595,0.087855926,0.110201989
1990,1824,,0,40.905,0.395,42.636,32.275,28.406,8.787,5.294,0,0,0,0.327,-0.325,6.178,0.625,21.314,4.018,10.361,-0.325,2.225,0,22.634,5.423,10.085,0,1.688,-0.336,0,3.5,-0.017811529,0.176044184,0.025796801,0.020872167,0.315132752,-0.44243329,0.17337555,0.004862325,0,1.741864105,0.798332705,0.530865935,-0.015503331,-0.17063629
1990,1828,,0,311.008,236.834,3525.224,327.865,14.486,794.613,30.275,49.264,229.747,1302.942,131.468,40.946,61.602,2.865,0,286.098,1876.586,40.946,4175.47,5,191.351,227.084,1442.586,0.114,0,98.574,149.064,12,-0.00260369,0.016065527,0.004537512,0.002317392,0.13618936,0.067091073,0.020347615,0.000319272,1,0.902463529,1.072627404,0.054280522,0.081862599,-0.015059998
1990,1832,,0,27.601,2.265,34.048,29.142,1.406,23.599,3.832,0.1,0,0.4,0.469,0.409,20.988,1.391,0,3.897,4.906,0.409,9.466,0,6.206,3.766,30.614,0,0,0.165,0.05,4.75,0.042097306,0.086898376,-0.017414563,0.041632143,0.821105498,-0.266456723,-0.128008862,-0.1081549,0,1.601033036,0.916703093,0.182272087,0.018327068,-0.189699533
1990,1835,,0,246.573,100.345,303.338,110.314,5.78,832.743,8.777,32.934,0,4.452,10.895,-21.773,84.527,0,0,164.054,193.024,-21.461,122.98,0,96.94,114.721,886.045,0,0,2.852,5.775,7.25,-0.017328789,-0.082771866,-0.051958622,-0.05297905,0.799029466,0.079044359,-0.207859294,0.057316524,0,1.733590536,0.761928139,0.319577501,-0.042309239,0.153841174
1990,1837,,0,196.393,54.324,1281.773,397.335,0.926,838.086,22.16,96.59,75,417.784,46.257,45.64,118.115,16.556,0,272.542,867.679,45.64,1392.302,16.759,138.969,74.732,1000.897,13.193,21.344,21.14,46.006,30.375,-0.014622268,0.01566683,0.00100555,0.000630558,0.224818279,0.07468691,0.16675988,0.001486584,1,0.590297277,1.001812477,0.108419354,0.08799218,-0.012848424
1990,1843,,0,196.819,61.89,2006.01,660.092,23.67,505.197,22.976,93.536,10.576,632.862,60.103,79.678,54.483,109.368,0,235.693,1183.568,79.678,2033.76,162.35,223.749,99.077,716.779,65.106,10.776,28.192,56.422,33.875,-0.011289065,0.016077113,-0.002147542,0.000673303,0.229013814,0.039169109,-0.085837947,-0.009741475,1,0.848107186,1.029576973,0.111539324,0.081899891,-0.021270796
1990,1848,,0,6048,1394,23864,7148,3031,12161,158.913,1434,1062,5997,1628,1688,760,66,1929,4260,16406,2011,30164,1,6879,1963,18008,0,529,1076,914,123.625,0.002688347,0.035468835,0.020813008,0.002168022,0.185760979,0.126695378,-0.156437597,-0.00203118,1,0.363847012,1.055735923,0.288258465,0.167658398,-0.04695935
1990,1849,,0,98.606,11.217,325.311,120.355,87.712,94.698,11.25,19.782,36.801,127.724,22.741,25.39,4.268,0,8.69,39.107,204.957,25.39,292.207,0,97.932,4.389,187.229,0.098,1.073,15.6,6.508,17.375,-0.007719124,0.026314159,-0.006721215,-0.000215235,0.046072835,0.063952966,0.003790784,-0.023683617,1,0.615725088,0.980334176,0.301041158,0.146007974,-0.033560418
1990,1855,,0,65.981,34.058,327.786,47.678,4,168.008,83.61,21.171,104.759,165.924,22.646,-0.258,48.281,3.066,1.76,68.953,280.109,11.406,460.017,0,16.459,13.7,224.111,0,0,-0.085,22.876,0.812,0.01540658,0.000587709,0.004171301,-0.017215577,0.218508417,-0.202510065,-0.169009908,-0.007270063,1,0.702269468,0.972146603,0.050212639,0.104327214,-0.018236185
1990,1856,,0,10.58,3.761,65.172,36.744,0.536,12.934,5.96,0,25.243,7.914,6.068,4.258,8.906,0,0,7.952,28.428,5.252,62.811,0,9.95,0.535,32.299,0.115,0.114,1.135,1.634,11.125,-0.013078263,0.091944153,0.005465789,0.075447708,0.279997545,-0.014489179,-0.055990219,0.005094895,1,0.554166353,0.890299143,0.152672927,0.123074326,-0.073912002
1990,1860,,0,62.975,5.163,204.029,109.927,44.248,52.091,6.606,1.5,0,60.903,11.494,-2.063,3.45,15.613,24.662,10.922,77.279,-2.063,204.42,0,48.665,14.51,52.69,40.077,0.212,-0.225,3.884,18.625,0.025079423,0.435461072,0.044014947,0.007648384,0.176254356,0.437244456,-2.269215798,-0.027828948,1,0.893448502,1.224963353,0.238520014,0.007822417,-0.457461548
1990,1864,,0,54.498,13.849,65.689,23.566,6.51,117.754,6.671,0,0,0,0.621,2.918,43.885,0,1.46,26.448,42.123,-1.857,8.146,0,5.806,0.907,163.653,0,1.434,1.918,0.97,4.25,-0.091670368,-0.090765939,0.006557112,0.005297372,0.826972553,0.134802405,-0.144442016,-0.001793842,0,0.831200896,2.451969813,0.088386183,0.01569517,0.173214358
1990,1865,,0,153.582,15.53,272.541,209.389,42.618,196.445,18.079,6.446,0,12.864,15.992,17.133,57.23,0,0,37.292,63.07,17.133,192.7,0,149.19,49.862,299.193,0.682,1.619,6.816,1.718,9.5,-0.023920408,0.003595305,-0.015608886,-0.014247779,0.45664689,-0.031758903,0.014268999,0.009140336,1,1.219146378,1.086035746,0.547403877,0.094176656,0.004918286
1990,1866,,0,6.96,2.483,9.076,5.043,0.076,14.19,1.975,0.574,0,0.096,0.507,-0.295,2.891,0,0,3.773,4.033,-0.295,5.621,0,-1.638,3.507,19.531,0.016,0,0,0.09,1.875,0.029644155,0.057904147,0.043024396,0.078205202,0.768730718,0.138798074,-0.009241235,-0.013057481,1,1.361822785,0.999853831,-0.180475981,-0.022587043,-0.072553204
1990,1868,,0,0.05,0,0.507,0.406,0.029,0.059,1,0.095,0,0,0.001,0.004,0,0.376,0,0.098,0.101,0.004,0.103,0,0.053,0.021,0.029,0.01,0,0,0.005,0.5,0.039823009,0.066371681,0.046460177,0,0.783037475,-0.741935484,16.57380952,-0.016660647,1,0.812,4.036458333,0.104536489,0.017751479,-0.079646018
1990,1873,,0,3.811,0.432,4.712,1.771,0.121,7.242,0.615,1.394,0.2,0.627,0.167,0.013,0.153,0,0,2.188,2.815,0.013,1.641,0,1.289,3.181,12.313,0,0,0.056,0.179,1.75,0.084005748,0.003316016,0.069194208,-0.005084558,0.808573854,0.025027761,-0.115372164,-0.020800146,1,1.645528455,0.821481342,0.273556876,0.052631579,-0.023433182
1990,1875,,0,25.416,3.407,40.556,25.229,4.758,32.101,6.818,3.133,0,3.536,5.178,-1.318,1.614,0,0,11.291,15.327,-1.318,28.614,0,-21.579,18.154,79.453,0.115,0.343,0.24,0.648,2,-0.004618067,-0.022289242,0.005819707,-0.085716978,0.544728277,0.071683715,0.026738824,0.019852367,1,1.850178077,0.707502263,-0.532079101,-0.010602624,0.048725319
1990,1877,,0,41.277,7.767,61.472,37.175,5.01,49.68,4.179,1.035,1.497,3.623,2.877,-0.52,11.888,0,1.765,16.934,24.297,-0.52,29.325,0,17.242,20.663,81.077,0.056,0.432,0.011,0.547,8,0.021633731,0.024769982,0.000928074,0.022401792,0.702710177,0.008451581,-0.035901512,-0.101316742,1,1.111958603,0.979146526,0.280485424,0.000618168,-0.122217777
1990,1884,,0,9.394,1.298,15.55,8.595,3.197,15.307,3.999,0.952,0,3.081,0.713,-1.809,3.184,0,0.103,3.12,6.727,-1.652,7.118,0,-2.306,2.555,19.397,0,0,-0.071,0.539,0.75,-0.03613632,0.123049927,-0.018643928,-0.060044416,0.502958199,-0.170016821,1.251141036,-0.064385236,0,2.865716429,1.004554617,-0.14829582,-0.076141479,-0.191922792
1990,1895,,0,3.43,1.355,7.712,2.217,0.79,20.217,0.87,0.941,0.969,1.067,0.576,-0.096,0.534,0,0,3.34,5.495,-0.096,6.67,0,0.741,1.76,24.145,0,0.078,-0.037,0.244,0.312,0.091263003,-0.040206778,-0.027315081,0.002680452,0.615274896,0.046079189,0.575117243,0.015359652,1,4.937456507,0.982736359,0.096084025,0.014393154,0.049907461
1990,1900,,0,18.578,1.494,21.415,13.361,2.44,20.236,2.74,0,0.7,0,0.853,4.241,7.814,0,0,6.416,8.054,2.441,9.123,0,2.725,7.624,36.959,6.267,0,0.555,0.337,10.5,0.128848936,0.354515396,0.063907832,0.05605497,0.783329442,0.05272154,-0.023877733,0.020344123,1,0.464407449,1.167180705,0.127247257,0.155638571,-0.226803058
1990,1902,,0,4.321,2.363,9.502,0.856,0.538,2.631,6.427,0.075,0,2.449,0.478,-6.058,0.789,0,0,4.302,6.751,-6.058,7.128,1.895,-24.616,1.634,11.564,3.754,0,0,0.314,7.5,-0.243263393,-0.128767707,0.050591117,-0.010970284,0.41486003,0.357116632,-0.236590274,-0.419337115,1,0.017758415,1.05119735,-2.590612503,-0.604504315,-0.343274044
1990,1903,,0,36.553,0.266,112.487,62.194,1.441,2.529,11.187,33.215,0,3.357,3.323,-7.494,0,67.294,0,35.278,39,-7.452,13.053,11.293,-22.788,34.691,5.833,0,0.397,-0.759,3.295,5.75,0.338920851,-0.12424808,0.293012514,0,0.923262244,-2.228749711,,0.014523629,0,0.966867599,0.65315552,-0.20258341,-0.043702828,0.147956993
1990,1905,,0,78.741,8.247,126.548,92.116,8.499,98.864,17.953,0,0,0,14.246,-2.742,32.828,0,0,28.158,34.432,-2.742,120.954,0,43.425,32.94,155.381,0.567,0,1.9,0,2.125,0.065838038,0.021010835,0.068283298,0.022106986,0.555062111,-0.037653413,0.823461044,0.130566451,1,2.414566138,0.949443704,0.343150425,-0.006653602,0.122170992
1990,1913,,0,846.8,163.7,1890.3,846.3,6.5,1691.8,61.981,134.4,116.6,376,90.1,5.9,325,0,0,548,1044,5.9,1395.7,0,682.3,443.6,2590.2,0,0,9.7,43.3,21.5,0.111726685,0.190212373,0.098733676,0.08653212,0.561868487,0.422949099,0.057470177,-0.072616742,1,0.635078342,0.961702817,0.360947998,0.031159075,-0.243371587
1990,1919,,0,1029.676,114.441,1157.514,769.731,344.453,1283.913,35.864,3.121,0,201.911,28.454,56.498,425.469,0,240.57,185.872,387.783,56.498,224.436,0,603.237,257.467,1751.345,0,7.325,42.234,15.285,28.75,-0.060246773,0.018772266,-0.003986906,-0.047291956,0.620500486,-0.101479422,-0.098079929,0.002127464,0,0.746521642,0.94848344,0.521148772,0.098501616,-0.016542331
1990,1920,,0,1174.1,278,2059.2,375.4,380.2,1274.8,56.899,207.1,213.3,334.8,53.6,195.3,377.5,96.3,0,1102.4,1627.7,195.3,991.1,18,41.8,331,3453.8,8.7,181.5,155.4,96.9,29.375,-0.103867988,-0.050562879,0.017511787,-0.037429039,0.586101399,0.021033762,-0.08426007,0.070001697,1,0.224601038,1.088364962,0.020299145,0.217365967,0.07120177
1990,1923,,0,149.509,11.311,179.847,85.872,52.96,95.022,4.909,0.385,0,3.076,4.851,7.465,57.393,0,44.91,76.157,93.464,7.465,71.104,0,80.963,38.024,142.269,0.513,3.731,2.492,0.681,13.25,-0.310019988,0.046484799,0.009981739,-0.026490475,0.541015419,-0.131472997,-0.119760145,-0.016841632,1,1.320208935,0.954400167,0.450177095,0.059150278,-0.057126641
1990,1926,,0,10.939,2.754,27.068,16.664,0.672,19.421,5.356,1.988,6.6,4.491,0.984,1.547,4.483,3.289,0,5.614,10.404,2,16.994,0,3.167,5.565,27.142,0.049,0,0.8,0.547,5.625,0.175177057,0.136224534,0.139765673,0.10960042,0.565612531,0.370635375,0.286027629,-0.000809148,1,0.553115974,0.921285635,0.117001626,0.123651544,-0.115546035
1990,1930,,0,1.904,0.64,2.7,0.407,0.128,2.934,2.935,0.682,0.075,0.851,0.094,-0.407,1.127,0,0,1.442,2.293,-0.407,1.501,0,-2.155,0.514,3.92,0.05,0,0,0.197,0.25,-0.10516502,-0.01864628,0.01267947,-0.00932314,0.732222222,0.139589443,-0.535393572,-0.09872511,1,0.554684838,0.861202155,-0.798148148,-0.077777778,-0.082789483
1990,1939,,0,23.548,0.636,25.113,13.203,16.417,15.252,3.048,0,0,0,0.414,5.115,0,0,11.395,11.825,11.91,5.115,5.35,0,1.162,6.554,22.329,0.832,0.278,2.945,0,24.5,0.035293889,-0.009261241,0.049847267,0,0.283956517,0.004677804,-0.08573961,0.042185299,1,0.176803792,1.71706117,0.046270856,0.320949309,0.052026383
1990,1940,,0,7.225,0.701,12.881,9.19,2.224,4.007,4.228,0.992,1.892,0.999,0.63,1.037,1.486,1.658,0,2.692,3.691,1.663,3.553,0,-2.11,3.429,10.897,3.156,0,0.676,0.018,14.75,0.056952102,0.404633048,0.097921198,0.040058672,0.653365422,0.869868173,-0.043730077,0.32431147,1,0.14736302,1.576843401,-0.163807158,0.182982688,-0.199382935
1990,1943,,0,74.347,10.841,128.247,22.441,1.938,144.509,5.361,15.728,0,56.408,6.901,1.846,42.147,0.696,0,38.637,105.806,1.846,106.919,0,-18.944,22.621,174.998,0.176,0,2.047,8.377,4,0.104752182,0.105317967,0.006527024,0.10631014,0.604505369,0.083547926,0.286861701,-0.032273882,1,1.046493192,0.93156056,-0.147714956,0.095674753,-0.134779774
1990,1951,,0,1.336,0.522,1.713,-0.368,0.134,1.349,9.642,0.044,0,0,0.143,-0.982,0.861,0,0,2.079,2.079,-0.982,0.859,0.002,-18.996,0.261,2.507,0.235,0,0,0.001,0.25,-0.227780259,-0.329164806,-0.152300134,-0.222021888,0.771745476,-0.436262866,-0.109932164,-0.377151983,1,-0.152665422,0.543089478,-11.08931699,-0.57267951,-0.022331398
1990,1953,,0,57.841,3.846,90.242,29.981,10.811,43.73,3.739,28.687,13.943,22.142,3.231,0.353,22.815,0.03,0,36.758,60.261,-2.979,19.456,0,-1.281,13.325,79.32,0,0,0.373,4.44,5.625,0.00248139,-0.140917418,-0.022378887,-0.061721667,0.747733871,0.034596921,-0.240035823,-0.010584658,1,1.425503258,1.131867506,-0.014195164,0.020323131,0.156501473
1990,1968,,0,26.502,3.057,50.67,28.168,0.745,42.853,1.7,1.943,3.3,10.4,3.823,2.332,13.585,0,0,8.137,22.502,2.332,45.418,0,23.28,11.146,77.1,2.088,0.1,1.175,1.164,13.875,0.028107086,0.053830823,0.013354975,-0.004129769,0.660726268,0.082815178,0.0490169,-0.005783651,1,1.194191839,0.951584739,0.459443458,0.092184725,-0.054714306
1990,1969,,0,24.911,2.88,52.539,31.573,13.05,62.809,1.979,0.699,0,7.076,2.809,3.664,6.463,0,11.117,7.9,20.966,5.029,57.069,0,29.975,5.313,76.144,0.001,0.717,1.892,0.735,15.25,-0.048161469,0.073851463,-0.018690683,-0.035500664,0.246198062,0.018532462,-0.347785424,-0.009897088,1,1.046165061,0.896806049,0.57052856,0.145720322,-0.105978498
1990,1971,,0,62.834,12.748,155.775,60.013,2.39,112.649,10.442,2.032,0,51.077,9.172,-6.963,26.966,0,0,39.78,95.762,-3.377,76.527,0,18.481,27.802,185.91,0,0,-0.922,5.524,5,0.022182889,0.064360981,-0.013564481,-0.006401773,0.739810624,-0.058137682,0.033503862,-0.007805277,0,1.149454128,0.911072738,0.118639063,0.007863906,-0.122555912
1990,1973,,0,1.426,0.594,7.709,-0.077,0.171,5.03,2.348,0.3,0,5.5,0.237,-0.813,0,0,0,1.26,6.886,-0.813,0.754,0.9,-6.842,1.152,8.658,0.375,0,0,0.667,2.375,-0.055655177,-0.043700604,0.013947001,0,0.937475678,0.036099334,-0.228446906,0.173992037,1,-0.013807944,1.137702102,-0.887534051,-0.018938903,0.156472073
1990,1974,,0,43.615,9.006,58.87,31.494,2.363,104.147,2.913,0.978,0,1.948,1.96,3.026,9.724,0.278,0,23.8,27.376,3.026,15.823,0,14.967,30.332,126.973,0,1.091,2.32,0.211,14.875,0.112213799,0.150024763,0.24890472,-0.01196236,0.829573637,0.142246869,-0.704908135,0.003053556,0,0.726825849,0.966884135,0.254238152,0.094394428,-0.135433731
1990,1976,,0,1305.997,266.498,2783.944,1424.285,124.585,1454.885,137.457,28.748,325.241,611.501,112.562,142.177,593.738,112.258,0,629.614,1350.814,142.177,1489.042,0,46.171,551.258,2614.257,297.257,30.379,37.838,77.465,29,0.017355538,0.166751068,0.025746289,0.024511615,0.720947692,0.09993125,0.143654774,0.017983983,1,0.357299198,0.882590887,0.016584745,0.092487493,-0.142244813
1990,1979,,0,2.541,0.845,6.012,3.677,0.024,5.687,1.505,0.353,0,0.598,0.464,0.62,0.904,0,0,1.349,2.335,0.62,6.668,0,1.91,1.324,10.812,0.001,0.151,0.311,0.157,4.25,0.041485097,0.126721283,0.0024403,0.067282552,0.425482369,0.125847148,0.277251299,0.052060463,1,0.574868426,0.925164681,0.317697938,0.180971391,-0.073557609
1990,1981,,0,113.279,11.327,200.694,123.932,7.737,203.958,9.653,3.183,6.94,25.299,10.428,14.137,48.602,0,3.332,37.973,76.762,14.137,136.271,0,111.572,51.344,294.03,1.234,1.941,9.036,1.181,16.5,0.031435751,0.057732268,0.030845748,0.003757385,0.540574208,0.02581725,-0.032278741,-0.001176,1,0.778103588,0.961651511,0.55593092,0.121348919,-0.052401543
1990,1988,,0,542.2,141.5,1307.6,403.9,30,1111.7,22.092,83.3,5,404.8,53.5,50.2,272.5,0,0,323,836.9,50.2,1051.9,53.6,429.7,217.9,1357.2,12.1,0,19.7,23.5,26.875,0.061275383,0.009173495,0.037139295,0.095475597,0.51047721,0.114736039,0.674861517,0.005249748,1,0.68028414,1.281821967,0.328617314,0.071428571,0.003651585
1990,1989,,0,21.025,1.532,24.88,20.438,13.866,10.311,5.339,0,0,0,0.511,6.032,2.546,0,11.242,4.341,4.442,6.032,5.754,0,10.799,4.403,29.145,1.062,0.757,3.48,0.001,25.875,-0.025336306,0.230379065,0.023915121,0.033128323,0.289469453,0.479911175,-0.020615454,0.007015729,1,0.147944439,1.661619997,0.434043408,0.382355306,-0.129327877
1990,1990,,0,519.074,80.784,2890.256,331.306,71.756,1314.067,31.015,711.268,176.103,744.115,130.943,-292.308,30.773,204.054,0,1126.308,2557.745,-280.343,1876.608,1.205,79.266,371.794,1996.738,0,26.286,-33.644,230.489,2.125,-0.017976514,-0.09712615,-0.023155471,-0.00107032,0.508322792,0.077013695,0.149869196,-0.100618828,1,4.937456507,0.734933268,0.027425252,-0.028889482,-0.010353185
1990,1992,,0,16.253,1.277,30.942,24.682,0.794,20.397,2.523,2.181,0,0.586,1.389,1.18,9.39,0,0,5.49,6.26,1.18,25.577,0,20.001,5.204,33.017,0,0.162,1.072,0.723,4.125,0.007337145,0.013253132,0.014211587,0.011798923,0.514478702,-0.116787728,-0.281723078,-0.054379744,0,2.371587456,1.179964238,0.646402948,0.096147631,-0.064844499
1990,1995,,0,684.623,202.928,6710.375,2073.158,39.879,1655.298,83.359,657.812,1987.426,2193.844,170.586,175.446,198.37,1010.233,0,1062.593,4103.032,213.2,6785.105,534.185,1126.011,318.205,2159.263,151.223,23.982,19.952,227.904,28,0.015370449,0.008266192,0.00505228,0.006494618,0.321501854,0.087710588,0.121002161,-0.016142999,1,0.888223197,0.999356332,0.167801501,0.068707934,-0.024152234
1990,2006,,0,86.961,5.771,152.707,78.92,6.325,120.207,6.14,7.72,0,27.392,9.184,10.672,40.125,0,0,45.197,73.787,10.672,57.725,0,40.721,36.585,183.761,0.796,2.222,3.955,4.832,13.25,0.056991719,0.135330275,0.011808338,0.006279242,0.780769709,-0.05832695,-0.089415712,0.000358696,1,0.970069589,1.170149048,0.266660991,0.127427034,-0.134205055
1990,2008,,0,260.16,19.066,392.166,235.953,11.321,306.289,13.866,27.044,116.407,1.911,21.591,78.783,57.815,25.303,0,126.241,156.213,78.783,211.163,0,219.855,169.001,586.223,0,15.95,49.319,3.499,84,0.044730076,0.0614244,0.047624264,0.001063005,0.721250695,0.090939091,-0.082073822,-0.016287871,1,0.202579279,0.976833847,0.560617188,0.335574731,-0.053699353
1990,2011,,0,43.701,18.876,269.94,67.473,6.96,108.259,4.451,28.1,30,89.565,4.164,8.369,4.853,0.742,0,53.838,182.699,8.369,202.94,19.768,18.362,23.349,133.926,0,-4.88,4.721,11.6,16.25,-0.023833849,-0.027718207,0.003630427,-0.001468041,0.457027488,0.140364715,-0.033265429,-0.007719203,1,0.932865562,1.181729381,0.068022524,0.09146477,0.026099394
1990,2013,,0,168.921,103.236,244.632,55.431,13.322,674.234,5.953,15.791,0.402,22.011,6.9,-8.517,14.271,0,0,160.31,187.052,-8.517,103.042,0,8.778,140.274,699.254,0.052,0.717,-2.014,6.397,8.625,-0.000754711,0.015471575,0.012238235,-0.013715879,0.683917067,0.189839993,-1.221986578,-0.009826118,1,1.079587201,0.923732473,0.035882468,-0.016898852,-0.028381105
1990,2028,,0,7.234,1.67,9.86,5.219,0.665,27.95,3.277,1.825,0,0,0.971,-1.4,4.121,0.236,0,4.641,4.641,-1.735,6.752,0,2.176,2.156,38.561,0,0,-0.541,0.018,0.562,-0.023745034,-0.125406284,0.066811123,-0.192036836,0.699188641,-0.120809894,-0.262675645,-0.108425963,0,2.833834971,0.736027469,0.220689655,-0.229006085,0.048934633
1990,2033,,0,601.227,68.667,1162.432,114.009,78.013,448.126,16.27,70.734,3.247,576.821,23.299,-4.301,251.4,16.039,74.394,246.322,991.078,1.527,212.607,0,95.337,115.118,703.202,12.728,23.012,-1.02,90.518,13.125,0.059195644,0.057244615,-0.031791471,0.029865982,0.774546812,1.144599178,0.508289721,-0.038988609,1,0.533890596,0.452035221,0.08201512,0.078305656,-0.097036774
1990,2034,,0,181.337,30.389,397.58,206.585,1.512,427.057,12.739,29.708,20,75.378,25.945,29.352,37.305,0,0,91.189,190.995,18.171,309.998,0,164.73,98.563,577.614,0.877,0,19.1,5.989,25,0.080004818,0.039534747,-0.011692834,0.001752772,0.505787515,0.034201775,0.050402556,-0.042649468,1,0.648669911,1.181765123,0.414331707,0.10880829,-0.025148691
1990,2044,,0,341.4,34.8,612.8,342.2,19.9,414,53.044,53.4,0,69.8,19.8,40.3,171.8,7,0,170.8,270.6,40.3,230.5,0,322.3,143,785.3,0.3,21,18.2,14.9,17,0.021609665,0.006465884,0.020078271,0.028415858,0.726827676,-0.007697242,0.002663205,-0.051032574,1,0.379485178,0.969789845,0.525946475,0.119778068,-0.049174749
1990,2049,,0,193.087,28.166,342.383,126.432,16.966,327.448,6.097,31.007,0,96.308,17.533,16.789,74.459,0,0,101.678,215.951,16.789,240.824,0,146.977,83.641,545.857,0,1.073,13.163,10.225,25.875,0.016071612,0.040602596,0.012903822,0.001217004,0.623716715,0.071875903,-0.017062867,0.011413012,0,0.801420602,0.988631741,0.42927657,0.117345195,-0.027430317
1990,2052,,0,16.725,2.423,37.417,4.487,12.49,9.583,1.375,0.234,0,15.712,2.564,8.4,0.637,0.388,0,7.621,32.179,8.4,38.3,0,4.033,3.414,40.109,0.074,2.508,4.74,1.788,25,-0.056035482,0.088241203,0.000834505,0.013259361,0.131223775,0.705109116,-0.072374847,0.039548289,1,0.130530909,0.918942088,0.107785231,0.398963038,0.010663123
1990,2054,,0,28.635,9.899,51.322,40.412,19.91,1.447,9.881,0,4.752,0,1.941,1.465,0.133,0.07,3.448,10.91,10.91,1.465,32.783,0,0.466,8.531,7.507,21.315,0,0.322,0.138,8.375,0.061657333,0.302219457,0.138612321,0.003448455,0.171388488,-0.600037016,-4.130783303,-0.00882634,1,0.488342621,1.16613808,0.009079927,0.037508281,-0.287103298
1990,2055,,0,391.231,28.528,1146.883,644.876,311.778,144.187,133.993,82.973,0,362.594,48.618,58.205,45.206,0,0,111.501,502.007,58.205,875.02,0,110.169,32.601,251.624,107.198,0,19.314,12.787,21.75,0.026912741,0.102189761,0.00390268,0.010459036,0.103810938,0.271387522,0.206508539,0.012133865,1,0.22127627,0.946141154,0.096059493,0.078740377,-0.081761459
1990,2057,,0,1.699,0.507,1.995,0.769,0.056,2.81,2.326,0.035,0,0.599,0.091,-0.256,1.123,0,0,0.627,1.226,-0.256,1.349,0,-0.463,0.381,4.023,0,0,0,0.058,0.125,-0.081678197,-0.086141486,-0.155322473,0.007141263,0.827067669,0.135914761,0.899752797,-0.013941738,0,2.644883921,0.98014455,-0.232080201,-0.09924812,0.084356171
1990,2058,,0,2.693,2.559,5.743,-0.815,0.246,6.673,6.182,0.363,0.356,1.263,0.772,-2.465,0.431,0,0,3.309,4.572,-2.465,7.546,0.965,-7.929,1.87,9.728,0.404,0.11,0.172,0.23,2.625,0.020576132,0.200764256,-0.022045855,0.03968254,0.548319694,0.182569137,0.999312341,-0.288377792,1,-0.050222613,1.172464841,-1.380637298,-0.35921992,-0.544973545
1990,2060,,0,9.756,1.374,12.898,-3.6,0.099,13.695,3.058,4.603,0.794,6.543,1.209,-7.746,6.065,0,0,9.955,16.498,-7.746,8.488,0,-16.835,3.543,24.805,0,0,0,1.253,0.625,-0.183301652,-0.452580787,-0.130720866,-0.104459716,0.816095519,-0.131858606,-0.003707745,-0.178597741,1,-1.883584042,0.870635262,-1.305241123,-0.503411382,0.379236731
1990,2061,,0,40.679,6.3,55.885,24.863,5.312,70.234,3.825,1.342,4,14.525,2.317,-7.044,18.496,0,0,15.662,31.022,-7.044,29.651,0,8.249,11.581,108.929,0.037,0,-3.47,2.79,3.125,-0.07311687,-0.124961181,-0.005796901,-0.063869432,0.646738839,-0.148456131,-0.270418736,-0.187427728,1,2.080043574,0.864707327,0.147606692,-0.1382124,-0.06116076
1990,2070,,0,25.942,6.895,35.513,13.029,4.075,28.924,3.516,6.127,1.5,6,1.691,1.758,5.771,1.062,1.556,15.182,22.484,1.758,20.045,0,-0.139,14.415,46.508,0,0.177,1.044,1.513,1.25,0.035130425,0.068462836,-0.055185195,0.009819922,0.660349731,0.116140464,0.520686042,-0.027313992,1,2.96450512,0.928790374,-0.00391406,0.121504801,-0.063096457
1990,2072,,0,72.208,19.437,224.212,35.506,16.009,208.755,7.927,9.567,18.255,119.167,11.688,8.062,12.4,0,5.836,61.189,188.706,8.062,192.217,0,-2.459,41.941,243.658,0.454,1.762,5.353,15.518,7,-0.006780239,0.042778951,0.024630449,0.014033958,0.396049275,0.14865965,-0.175179027,0.005838941,1,0.63987457,1.15371312,-0.010967299,0.129043049,-0.026316039
1990,2073,,0,0.953,0.437,3.608,2.208,0.595,1.008,15.73,0.595,0,0.368,0.366,0.155,0,0,0,1.032,1.4,0.227,30.604,0,-20.461,0.358,1.972,0,0,0.072,0.077,0.062,-0.008687123,0.049880902,0.007846434,0,0.099223947,0.148257531,-0.089671101,0.044952959,0,2.264011648,0.821550204,-5.671008869,0.10421286,-0.021017234
1990,2076,,0,15.685,2.028,31.585,28.045,8,10.912,1.83,0,0,0,1.272,7.227,6.3,0,0,3.54,3.54,7.227,179.644,0,9.595,1.314,22.217,0,0,0,0,18.5,0.041668087,0.177004126,-0.110410202,0.058239847,0.243311699,0.946696237,1.502913279,0.155595381,0,0.828385848,0.793922516,0.303783442,0.228811145,-0.011798002
1990,2080,,0,183.03,15.27,271.116,244.264,57.582,352.125,7.715,0,0,0,7.87,5.146,58.857,0,26.392,20.063,26.853,5.146,187.409,0,238.661,60.858,435.661,0,0.512,1.722,0,31,0.009449016,-0.023086019,-0.042817481,-0.005042253,0.577763762,-0.028455126,0.176003811,-0.044697519,0,1.021321455,1.031768876,0.78457252,0.02533233,-0.024881366
1990,2085,,0,943.279,68.386,1677.374,825.457,386.022,553.299,29.589,285.129,48.967,214.547,63.061,131.434,264.226,0,0,578.628,841.587,131.434,675.644,0,771.731,202.967,1368.58,12.321,23.539,64.675,39.907,71,0.016690648,0.032958317,0.025587392,0.024665463,0.520213739,0.115436304,-0.004600053,-0.002021451,1,0.392921523,0.995535989,0.460082844,0.140705651,-0.021970494
1990,2088,,0,62.866,22.142,403.43,139.865,0.553,306.416,10.425,40.522,0,99.91,12.695,20.185,24.538,12.009,0,93.83,242.746,20.185,426.683,20.819,61.092,28.836,359.527,2.777,0.976,11.037,10.952,20.75,-0.013628017,0.034384976,0.025670957,0.004343996,0.200406514,0.164048924,-0.279371531,0.00034092,1,0.64656901,1.045358628,0.151431475,0.104538582,-0.029111797
1990,2091,,0,20.95,2.509,25.362,-0.659,0.203,47.974,2.298,19.499,0,0.15,1.345,-9.457,13.283,0,0,25.485,26.015,-9.457,13.921,0.006,-14.212,6.6,63.076,1.852,0,0.008,2.754,1.125,-0.09486166,0.17884944,-0.124272917,-0.11788667,0.876232158,-0.108716866,0.094762632,-0.137332682,1,-0.254907649,0.805541097,-0.560365902,-0.263977604,-0.289659458
1990,2100,,0,43.825,13.538,130.852,22.111,22.16,43.37,5.837,1.781,29.73,87.147,11.428,-13.293,8.34,0,0,18.168,108.704,-13.293,146.44,0,-17.792,12.194,48.99,0.208,0,0,9.53,4,0.026498719,0.043185312,0.051494449,0.054005124,0.265146884,0.797564752,-1.125588264,-0.114512904,1,0.947019213,0.940260201,-0.135970409,-0.02875768,-0.157335611
1990,2101,,0,300.363,67.286,380.224,135.338,5.689,481.563,7.119,143.104,0,0,8.229,12.201,155.433,0,0,236.272,244.886,12.201,116.661,0,158.219,128.766,651.271,0,0,8.124,5.437,22.375,0.248157061,-0.005725142,0.156842939,0.18590247,0.799768032,-0.032130426,-0.036559297,-0.038580583,0,0.849645558,1.248098454,0.416120497,0.067754797,-0.013628879
1990,2111,,0,961.874,245.901,2593.513,1230.974,72.877,979.957,37.641,167.021,20.897,649.287,111.341,182.257,397.639,52.463,31.214,573.801,1359.958,182.257,1924.033,2.581,1309.472,422.206,2012.654,78.6,76.953,91.85,85.031,65.75,0.040008282,0.077428792,0.025156452,0.017439602,0.479859943,0.090306194,0.015865619,-0.023537667,1,0.497384183,1.243027553,0.504902809,0.138475496,-0.067454786
1990,2113,,0,61.745,9.063,63.498,37.422,0.541,124.741,4.443,11.6,0,0,0.526,-3.399,24.247,0,0,26.076,26.076,-3.399,3.082,0,6.472,32.411,158.047,0.175,0,-2.291,1.265,5.875,0.11653415,-0.075001517,0.10980569,0.044948886,0.964298088,0.234509134,-0.176066169,-0.138058205,1,1.433648915,1.218980097,0.10192447,-0.069687234,-0.054556017
1990,2124,,0,14.505,1.995,34.452,28.542,3.22,24.181,4.838,0.599,0.254,0.265,2.236,0.712,6.024,0,0,4.894,5.91,0.712,26.633,0,22.139,5.047,36.588,0,0.168,-0.739,0.167,2.375,-0.011898903,0.112851394,-0.023884659,0.047421904,0.449175665,0.293046243,0.479956687,0.074850074,1,2.48401906,1.012621508,0.642604203,0.004063625,-0.038852378
1990,2127,,0,11.358,2.996,23.658,8.864,2.868,20.865,5.077,3.83,0.384,5.349,1.196,0.833,3.011,0.859,0.18,8.075,13.835,1.333,18.615,0,-7.652,5.266,27.221,0.165,0.144,0.726,1.031,1,0.038819666,0.022266205,0.05541811,0.015833746,0.491588469,-0.004596116,-0.090819501,0.005356254,1,1.745912941,0.825008246,-0.323442387,0.13061121,-0.014889119
1990,2130,,0,64.853,3.589,98.02,44.834,3.854,99.095,1.905,11.704,0,27.1,3.09,1.766,32.088,0,0,23.824,53.186,1.766,60.944,0,55.148,23.85,146.563,0.008,0.56,0.98,4.032,16.5,0.013058149,-0.019308117,-0.032675276,-0.027302496,0.760191798,-0.054308723,-0.094081075,-0.041657099,1,1.426358069,1.046705386,0.562619874,0.069149153,-0.021630674
1990,2136,,0,3827.6,2171,27998.5,8930,109.7,7091.6,393.191,2597,1269.4,8171.1,2377.2,1312.5,357.9,3358.5,15,5965,19068.5,1312.5,32320.7,0,4260.9,2685.2,12298,28,118.5,669.6,879.3,53.625,0.013792417,0.01611636,0.010472498,0.002921528,0.275682626,0.075587746,0.158271872,0.00623596,1,0.423526496,1.034027191,0.152183153,0.102198332,-0.00733702
1990,2138,,0,142.464,22.239,175.947,94.838,3.31,292.621,5.799,4.141,13,23.983,4.739,8.202,85.329,0,0,51.54,81.109,8.202,48.358,0,50.9,51.54,395.774,0,1.854,6.035,2.379,16.875,-0.072257313,-0.070986203,-0.011619182,0.004759665,0.860810358,-0.052706644,0.116298636,0.021520191,1,0.969138575,1.088791576,0.289291662,0.09443753,0.091435963
1990,2146,,0,3649.5,1037.9,30206.8,12666.4,469.1,5801.5,481.972,1122.5,151.6,7781,2956.3,1631.5,417.4,547.2,178.5,4276.4,17540.4,1631.5,36811.6,0,5959.8,2498.3,14345.4,6.6,277.2,777.7,791.9,54.75,-0.003096756,-0.014235785,0.002917523,-0.002379822,0.193036005,0.047783175,0.069210947,-0.005350462,1,0.480006664,0.963495818,0.197299946,0.105972827,0.012128132
1990,2149,,0,3.379,2.582,9.079,3.902,0,23.954,46.943,0.595,2,2,2.485,-29.096,0.813,0.994,0,3.177,5.177,-29.096,18.917,0,-123.819,1.158,20.274,2.287,0,0,0.814,0.156,0.079712772,-0.923515095,-0.07001191,-0.008734227,0.481660976,0.302154493,-1.095050361,-0.422636898,1,0.53283401,0.337608507,-13.63795572,-3.115100782,1.112871766
1990,2154,,0,344.076,143.769,756.476,295.642,9.172,822.421,25.459,8.155,57.264,171.095,41.424,50.897,144.627,0,0,193.911,441.679,50.897,598.819,0,324.475,168.922,1128.173,2.724,10.051,30.8,11.712,29.625,0.037464095,0.030893722,0.025210926,0.044337052,0.496742792,0.034605589,0.151419597,-0.003284591,1,0.391982277,0.987941147,0.428929669,0.123479132,-0.02526712
1990,2158,,0,0.469,1.221,3.987,-2.407,0.218,0.975,38.732,3.559,0,0.023,0.124,-2.765,0.046,0.026,0.09,5.021,5.32,-2.765,1.979,1.074,-21.308,0.013,1.993,0.395,0,0,0.451,0.094,-0.138626208,-0.473864699,-0.092902421,-0.007274239,0.778279408,-0.460057535,-0.35848279,-0.502349058,1,-0.661117123,1.01678071,-5.3443692,-0.580386255,-0.012470124
1990,2162,,0,107.953,26.084,219.28,89.884,28.987,92.446,113.848,35.534,4.14,50.975,7.073,9.263,46.258,0.04,21.929,61.618,116.843,9.263,167.837,0.026,51.726,24.557,146.957,2.926,0,1.692,15.261,0.875,-0.021299245,-0.028766426,-0.017458981,0.001120077,0.462586647,-0.103475936,0.172390723,-0.029423858,1,0.902295793,1.584538719,0.235890186,0.119554907,0.000102229
1990,2163,,0,2.857,1.901,25.149,10.602,0.279,33.042,5.729,1.625,0.322,8.857,1.358,0.171,1.045,0,0,5.197,14.547,0.171,29.763,0,-7.347,0.753,37.756,0,0,0.054,1.21,1.312,-0.003540032,0.016480815,-0.002674691,-0.001927351,0.226569645,-0.03072547,-0.29823049,-0.036713301,1,1.410507396,0.916475343,-0.292138852,0.057059923,-0.054634492
1990,2169,,0,1047.694,475.67,1238.108,445.908,294.852,4070.392,34.217,0.366,174.186,198.515,12.938,62.566,418.217,5.175,0,550.238,779.372,66.063,117.158,0,242.169,330.11,4442.32,1.28,2.37,37.431,12.197,23.125,0.02032388,-0.097537175,0.053884633,0.004278286,0.700443742,0.131483676,0.063133031,0.008606081,1,0.563536805,1.230163828,0.195596022,0.093441768,0.110981802
1990,2175,,0,10.027,2.617,82.911,20.299,0.303,30.939,1.637,17.519,0,29.147,2.425,2.047,2.025,2.886,0,21.782,61.322,2.047,78.308,1.29,6.087,7.475,39.476,0.519,0.043,0.732,3.937,14,0.103133151,0.007698485,0.040961249,-0.001327325,0.187514323,0.002451723,0.433879483,-0.001286871,1,0.885723013,0.987746105,0.073416073,0.081002521,-0.004008521
1990,2183,,0,0.972,0.591,5.371,0.279,0.156,1.183,18.648,0.529,0.249,2.844,0.134,0.49,0.332,1.28,0.068,1.422,5.077,0.49,2.333,0.015,-5.342,0.439,2.288,0.059,0.015,0.016,0.418,0.5,0.029817982,0.117625537,-0.034574225,0.047196561,0.645876001,-0.529534663,-0.101720907,0.211661542,1,0.029922785,1.156582678,-0.994600633,0.172035003,0.12768682
1990,2184,,0,139.606,41.9,185.528,56.741,27.063,515.373,8.285,4.758,0,35.381,7.793,4.54,95.684,0,0,74.983,128.787,-9.457,60.879,0,14.527,8.716,664.823,0.048,2.178,2.85,4.615,8.375,-0.093931028,-0.079967282,0.008167916,0.015734046,0.640835885,0.295708932,-0.022507784,-0.093556997,1,0.8177485,1.0136296,0.07830085,-0.010736924,0.073289222
1990,2188,,0,8.996,1.778,11.973,3.595,1.481,9.402,1.586,1.015,3.582,2.442,0.233,0,3.251,0,0.994,4.803,8.378,0.966,7.801,0,-1.708,4.11,12.168,0.094,0,0.007,0.49,1.75,0.060027744,0.123082097,0.083652108,-0.00100887,0.696066149,-0.323750151,-0.539339567,0.073515119,1,1.295262115,1.041295842,-0.142654306,0.122191598,-0.134600025
1990,2189,,0,1203.2,423.2,4382.1,1180.6,273.5,4328.2,75.867,74,10,589.8,304.7,-463.5,468.3,2.2,0,831.4,2893.1,-463.5,7782,308.4,173.9,451.1,4899.2,1.4,74.6,6,65.5,14.75,0.009198509,-0.052291998,-0.007214944,0.012642501,0.299445471,-0.073189522,-0.284272171,-0.154202478,1,1.055013088,1.017817978,0.03968417,-0.089454828,-0.102295268
1990,2190,,0,176.374,26.254,427.356,218.7,39.781,185.099,28.416,0.5,0,99,29.286,65.474,38.442,10.764,0,77.386,206.651,65.474,403.36,2.005,302.536,86.191,596.805,4.863,3.381,41.925,2.855,41.25,0.007923855,0.071992588,0.025539116,0.017590154,0.360645457,0.154323551,0.013627504,0.001947195,1,0.186578624,0.996542931,0.707925009,0.257990996,-0.047854458
1990,2193,,0,383.79,94.713,1623.333,418.223,17.866,1979.388,65.972,50.893,283.339,694.647,54.92,12.94,60.5,84.159,0,314.169,1125.11,12.94,1268.966,80,-4.543,274.877,2113.358,44.748,0.456,7.279,83.198,8.625,-0.138667139,0.047497656,0.010708765,0.008156169,0.442784075,-0.002718402,0.670489128,0.067775479,1,0.73500308,1.369965951,-0.002798563,0.063706584,0.02431648
1990,2197,,0,170.929,22.537,257.107,190.187,63.974,174.87,12.121,0,0,0,12.425,22.418,43.031,0,0,59.305,66.92,24.055,185.651,0,167.888,42.247,329.246,0,6.4,18.649,0.197,20.75,-0.06047343,-0.011155487,-0.013720929,-0.011350987,0.447167911,0.013650005,0.107754099,0.001559544,0,0.756178414,0.985360655,0.652988833,0.16686049,0.008745646
1990,2201,,0,135.691,36.507,190.449,67.717,0.338,328.929,7.559,17.311,8,56.098,6.721,-1.465,115.535,0,0,61.735,122.732,-1.465,76.845,0,35.363,16.926,463.689,0.059,0,-1.096,7.382,7.5,-0.025624145,-0.008466532,0.00883908,-0.101062527,0.724288392,0.127420091,-0.211653645,-0.030173615,1,1.194461349,1.039004433,0.185682256,0.025313864,-0.017969053
1990,2205,,0,1.751,0.348,2.169,-2.647,0.745,5.578,2.417,0.926,0.044,0.341,0.347,0.614,0.266,0,0.269,3.959,4.3,1.181,1.861,0.516,-6.017,0.254,6.724,0,0,0.002,0.124,0.125,-0.147570703,0.355692531,-0.055474982,-0.003625816,0.479944675,-0.44016607,0.975837755,1.098688389,1,-7.034304207,1.449367698,-2.774089442,0.550619489,0.695794054
1990,2209,,0,0.39,0.886,5.604,1.148,0.233,0.508,12.333,3.083,0,0,0.276,-0.765,0,0.023,0,4.456,4.456,-0.765,5.218,0,-18.497,0.139,1.156,0.243,0,0,0.419,0.687,-0.06529148,-0.080717489,0.008251121,0,0.096895075,-6.484197219,-0.970019233,0.093912947,1,0.135492867,0.151757023,-3.300678087,-0.061741613,0.105829596
1990,2213,,0,259.533,157.199,329.148,56.361,30.994,1995.38,6.415,56,0,53.74,3.265,6.664,70.145,37.11,11.956,218.837,272.787,6.664,22.806,0,35.265,157.662,2042.153,1.674,0,3.67,13.142,12.375,0.076614184,-0.014605847,0.105998806,0.047472327,0.860804258,0.303370983,-0.358683536,0.012410639,1,0.709964808,0.949908663,0.107140253,0.071323538,0.026338412
1990,2214,,0,10.158,3.722,20.289,9.022,0.062,24.351,3.062,2.317,0.12,2.268,0.87,1.465,4.243,1.853,0,7.866,11.267,1.465,10.174,0,2.059,5.76,37.242,0,0,1.191,0.722,3,-0.118264187,0.074964235,0.021888412,-0.100143062,0.671644734,0.12068125,-0.180977979,0.024976917,1,0.982146745,0.776942155,0.101483563,0.166494159,-0.042584645
1990,2215,,0,169.83,48.373,206.514,92.768,11.352,193.45,2.941,32.304,0.087,11.41,3.786,5.786,82.591,0,0,95.747,113.746,6.716,51.295,0,68.706,72.552,279.297,0,3.629,5.154,4.097,25.5,0.017950933,0.011355344,0.028620419,0.057436797,0.810419633,0.220026028,-0.174976462,-0.023229926,1,1.236981645,0.958376391,0.332694152,0.077316792,-0.0310596
1990,2220,,0,147.165,18.647,213.177,81.059,2.01,113.136,7.837,28.23,86.524,42.71,10.539,10.712,63.165,4.394,0,84.659,132.118,10.712,91.616,0,57.735,70.5,286.673,1.597,3.906,6.493,7.165,18.5,0.09960003,0.082700677,0.056765527,0.049968556,0.725880372,0.230853807,0.017581582,0.001013141,1,0.559087408,0.82745752,0.270831281,0.114318149,-0.079868186
1990,2222,,0,9.361,0.157,16.726,8.194,8.129,9.04,18.085,0.237,0.334,4.833,1.621,-6.217,0.316,0,0,1.47,8.532,-6.217,12.789,0,-42.158,0.824,3.759,8.145,0,0,0.133,1.75,0.003065819,0.298470284,0.001405167,0.008878102,0.128781538,-0.169186305,0.880011088,-0.125102731,1,0.25890438,0.86058571,-2.520506995,-0.363745068,-0.184204643
1990,2230,,0,152.082,13.842,210.66,172.928,50.679,57.156,56.189,1.993,0,0,6.496,39.474,41.171,3.67,17.587,33.57,37.732,39.474,46.688,0,124.435,54.96,209.69,2.775,5.876,19.126,0.487,29,0.110833643,0.247601145,0.082107495,0.071304452,0.59628311,0.264060156,0.015108603,-0.002511703,1,0.106124588,1.132139063,0.590691161,0.280485142,-0.195465673
1990,2235,,0,3.593,0.858,6.969,0.811,0.129,8.092,9.009,0.725,0,3.55,0.494,-0.48,2.153,0,0,1.951,6.158,-0.541,9.292,0,-8.757,1.271,11.771,0,0,0,0.757,0.281,-0.103390915,0.171976967,-0.126551504,-0.047600768,0.55416846,-0.033040315,-0.036139643,0.085554457,0,0.320359831,1.123884977,-1.256564787,0.030994404,-0.060524632
1990,2237,,0,3.517,0.473,6.47,2.069,0.058,13.318,3.901,0.238,0.244,1.688,0.572,-0.447,0.035,0.005,0.05,1.973,4.401,-0.447,5.464,0,1.272,3.1,15.891,0,0,-0.19,0.212,1.5,-0.040118083,-0.086140338,0.009840285,-0.000151389,0.559041731,0.029400286,-0.246689162,-0.016888477,1,0.353584551,0.899055818,0.196599691,-0.06568779,0.070547271
1990,2239,,0,47.226,6.285,80.835,58.919,5.937,97.686,3.743,0.681,7.454,4.492,4.18,6.725,18.393,0,0,15.204,20.512,6.725,45.048,1.404,35.854,21.997,131.922,0,0.137,0.594,0.414,14,0.119210269,0.155173072,0.019132669,0.062181175,0.562429641,-0.06036874,0.380384668,-0.128197252,1,1.124365482,1.090939666,0.443545494,0.095664007,-0.195384752
1990,2240,,0,4.362,0.163,5.083,3.796,3.832,0.455,33.075,0.615,0,0,0.031,-0.97,0.325,0,1.482,1.222,1.222,-0.97,0.189,0.065,-3.229,0.14,1.432,4.195,0,0,0.08,1.469,-0.031202203,0.422759254,0.041297033,0.039767513,0.229392091,0.662820513,-2.174522517,0.004316391,1,0.07812762,2.158808933,-0.635254771,-0.175093449,-0.53410829
1990,2246,,0,8.842,0.179,11.877,8.648,3.931,3.07,2.734,0.085,0,1.216,0.418,0.276,2.185,0,3.638,1.791,3.229,0.276,3.499,0,3.241,2.573,11.101,0.169,0.197,0.1,0.15,4.75,0.017190992,0.23517277,0.016847172,0.004727523,0.468131683,0.076930674,-0.041801328,-0.008957674,1,0.665922304,0.842074809,0.272880357,0.044287278,-0.241963211
1990,2249,,0,14.182,2.056,43.339,5.387,4.85,27.064,17.252,1.25,2.566,30.168,1.844,-10.699,6.726,0.176,0.52,6.575,37.952,-21.185,13.858,0,-72.853,2.008,20.538,6.338,0,0,3.855,2,0.032623842,-0.230439629,-0.00897025,-0.008412875,0.636678281,-0.260078023,-0.342945379,-0.142957776,1,0.156126826,0.668387008,-1.681003253,-0.399870786,0.281056225
1990,2250,,0,0.109,0.066,0.324,0.097,0.007,0.2,13.099,0.02,0,0,0.009,0.004,0.052,0.125,0,0.227,0.227,0.006,0.165,0,-0.5,0.049,0.424,0,0,0.002,0.001,0.07,-0.154859967,0.05601318,-0.108731466,0,0.904320988,0.062790698,-0.266816335,-0.473622713,0,0.105787792,1.680555556,-1.543209877,0.027777778,-0.286655684
1990,2251,,0,2.37,0.364,2.711,1.531,0.621,0.995,3.052,0,0,0.59,0.05,0.209,0.694,0,0,0.487,1.157,0.337,0.377,0,-4.377,1.005,3.329,0.002,0.03,0.158,0.063,2.25,0.232634608,0.263049733,0.211672832,0.100287711,0.749538916,0.21976593,0.274381566,0.197499088,1,0.222950342,0.9504,-1.614533383,0.205828108,-0.054665023
1990,2252,,0,11.712,1.972,17.212,1.36,0.181,9.846,2.073,4.186,4.3,3.552,0.617,0.031,7.341,0,0,8.008,11.56,0.031,2.996,4.292,-1.379,3.829,18.275,0.05,0,0.025,0.707,5.25,0.386881464,-0.016480574,0.184417618,0.268206186,0.893678829,1.556104559,-0.180420353,-0.141806872,1,0.124962672,0.837138907,-0.080118522,0.044329538,-0.05891805
1990,2253,,0,3.945,1.705,4.208,1.456,0.285,6.425,2.37,0.45,0,0,0.247,-1.022,1.488,0,0,2.724,2.752,-1.022,3.412,0,-2.716,2.044,10.52,0,0,0,0.031,0.125,-0.020496745,-0.195563058,0.161321437,-0.008680974,0.883317491,-0.043963509,-0.366613196,-0.163885072,0,4.914767933,0.556972258,-0.645437262,-0.235503802,0.034723897
1990,2255,,0,1933.608,300.895,5889.534,920.693,83.893,2914.546,61.621,512.711,961.087,2755.624,210.063,51.095,844.47,0,0,1712.462,4968.831,51.095,1531.35,0,330.722,808.909,4832.264,48.78,0,72.4,398.213,9.375,-0.213899295,0.039784244,-0.015010509,0.004294832,0.845296928,0.731407303,0.133161687,0.000983108,1,1.593730276,0.528943537,0.056154188,0.088582221,-0.036315417
1990,2259,,0,46.069,6.592,294.929,135.329,24.04,88.094,9.117,9.966,1.47,78.978,9.93,22.938,6.972,0,0,32.067,159.6,22.938,355.276,0,91.876,13.31,127.498,0,7.176,8.737,5.02,30.375,-0.01576521,0.012688298,0.000990392,0.004511395,0.090611639,-0.116241751,-0.431614753,0.005839605,1,0.488678238,1.014546119,0.311519044,0.124419776,-0.009230737
1990,2264,,0,16.629,7.625,55.45,-4.95,1.002,53.896,4.048,44.215,0.278,0.981,3.997,-9.306,6.545,0,0.527,58.684,59.665,-8.102,35.925,0.735,-18.563,7.183,69.584,3.5,0,-0.62,6.096,0.25,-0.159116766,-0.153412277,-0.079237906,-0.0090054,0.600685302,,,,1,-4.891304348,,-0.334770063,-0.04735798,
1990,2265,,0,31.389,4.914,61.872,41.136,5.557,76.9,3.253,2.279,2,6.23,3.434,8.729,12.014,0.142,3.85,12.006,20.736,8.729,47.137,0,33.704,13.117,109.25,0,1.623,5.093,0.843,17.625,0.05127763,0.16597124,0.001413842,0.058364082,0.444061934,0.083994479,0.275967395,0.052078727,1,0.717478582,1.180557407,0.544737523,0.237021593,-0.113124591
1990,2267,,0,206.246,19.105,550.735,398.736,28.793,149.433,17.83,42.117,34.104,19.459,9.471,53.21,81.214,181.831,22.814,117.626,151.999,53.21,192.936,0,300.241,76.735,512.884,0,10.842,15.852,4.464,49.9999,0.049410338,0.088605078,0.03418981,0.023889148,0.700266008,0.155675414,0.056169289,0.000161214,1,0.447265009,1.008391143,0.54516419,0.133505225,-0.074618968
1990,2269,,0,647.983,69.709,1035.781,573.589,228.219,912.929,53.243,228.519,0,0,33.003,140.108,0,126.697,191.522,437.343,462.192,140.108,232.95,0,507.817,392.412,1162.712,30.567,77.035,85.477,10.497,51.625,-0.004991628,0.093118382,0.023716047,0,0.675139822,0.169196429,0.169713044,0.001969576,1,0.208678752,0.990117968,0.490274489,0.22792656,-0.076349143
1990,2270,,0,112.36,9.363,292.513,148.803,46.901,157.258,95.739,7.097,0,30.638,12.068,-1.919,22.586,8.231,0.464,37.718,68.356,-8.972,198.938,75.354,-56.587,40.616,174.797,41.288,0,0.434,4.98,2.5,0.005140518,0.060864721,0.025138473,0.001540745,0.420771043,0.124316024,-3.066177247,-0.021663607,1,0.621702754,0.850356378,-0.193451231,-0.012163562,-0.058361451
1990,2271,,0,252.636,59.248,496.319,155.409,22.331,528.543,11.905,28.506,34.023,124.052,18.205,1.037,62.544,0,0,165.725,340.91,2.242,244.672,0,139.384,144.474,672.696,0,1.451,0.783,14.8,13.75,0.148376945,0.088342755,0.013498672,0.008358293,0.658274215,-0.124374694,-0.323298075,-0.032449912,1,0.949388787,0.939108081,0.280835511,0.035914402,-0.121880429
1990,2277,,0,3.392,0.869,26.696,11.032,2.464,9.572,2.19,0.785,2.45,9.948,2.339,-1.204,0,0.081,0,2.636,15.664,-1.204,40.347,0,8.994,0.72,12.288,0,0.169,-0.555,1.079,7.25,-0.044396237,-0.121893292,-0.03351224,0,0.037795925,-0.175175175,0.085170473,-0.057768797,1,0.694819713,0.985894186,0.336904405,-0.025471981,0.064032315
1990,2282,,0,46.245,6.902,287.254,241.826,25.227,370.925,31.262,0.4,0,1.6,17.409,33.635,7.155,0,18.886,38.477,45.428,35.885,342.013,0,110.723,11.103,501.305,2.008,6.956,20.247,0.226,18.25,0.008844728,0.081847501,0.018112894,-0.000156964,0.094334631,0.09462395,0.019946735,0.021075979,1,0.42386093,1.019502305,0.385453292,0.196195701,-0.060347109
1990,2283,,0,55.949,14.45,86.08,48.251,4.665,93.318,1.282,4.53,44.412,6.659,2.742,1.876,34.276,0,0.115,29.716,37.828,1.876,22.108,0.001,0.155,14.623,137.113,0,0.432,0.615,1.759,5,0.02111989,0.042787112,-0.004521441,0.048331826,0.750023234,0.057874449,-0.109995155,-0.033046534,1,4.937456507,0.962992368,0.001800651,0.049372677,-0.072128885
1990,2285,,0,8770,2586,14591,6973,3326,23355,343.574,4,15,311,678,1385,3332,0,781,7132,7618,1385,9711,0,4840,2057,27595,27,479,587,28,45.375,-0.113818221,-0.019232839,0.014496394,-0.115540565,0.424028511,0.364736947,-0.721644231,0.024217821,1,0.447283354,1.114303234,0.331711329,0.137070797,0.070185511
1990,2289,,0,74.209,13.52,243.768,112.947,0.005,259.252,5.106,51.013,5.892,43.046,17.378,-4.709,33.614,1.471,0,75.182,130.821,-4.709,258.956,0,63.84,27.73,291.738,0.103,0,-2.362,9.663,16,-0.004200843,-0.014878319,0.01520514,-0.041749368,0.315976666,-0.196019792,-0.704645247,-0.087549289,1,1.382527908,0.891316208,0.261888353,0.010633061,-0.07172123
1990,2290,,0,997.583,344.384,4784.77,1558.402,25.946,3318.35,37.949,176.731,649.917,1934.504,212.89,75.27,484.972,0,0,758.372,3209.239,75.27,5273.657,17.129,1463.531,412.558,4185.92,0,0.14,46.13,152.153,26,0.028366842,-0.002419295,-0.002018506,0.013561179,0.253295561,-0.026660662,-0.064271011,-0.052164657,1,1.579449747,1.108594881,0.305872801,0.057171609,-0.040663822
1990,2293,,0,94.188,2.429,151.944,121.305,63.815,8.211,21.524,0,0,0,2.83,-27.424,2.258,0,55.397,30.639,30.639,-27.424,40.072,0,66.554,22.8,-1.632,0,2.772,-18.7,0,2.375,-0.016213787,-0.126582582,-0.012169328,-0.042349981,0.4151003,-0.996283844,-17.35969922,-0.267481404,0,2.372969219,0.919414724,0.438016638,-0.303559206,-0.138434345
1990,2294,,0,136.875,3.096,186.171,43.164,61.828,146.261,18.529,1.811,2.871,86.529,21.985,-34.804,9.973,0,0,55.959,143.007,-34.804,137.062,0,-11.432,57.768,261.927,2.144,0,-2.824,5.703,5,-0.087760523,-0.190252397,-0.073465125,-0.041626245,0.449812269,-0.043234607,0.609288535,-0.065287004,1,0.465907496,0.829417373,-0.061405912,-0.171482132,0.174519794
1990,2299,,0,1.878,0.548,2.001,0.455,0.754,0.512,3.85,0.7,0.118,0.118,0.093,-0.863,0.169,0,0,1.428,1.546,-0.863,0.688,0,-5.577,0.938,1.885,0.063,0,0.001,0.091,0.375,-0.236418746,-0.228025181,-0.06155281,0.013989275,0.579710145,-0.216090167,-0.215072541,-0.437316643,1,0.315151515,0.693721818,-2.787106447,-0.385307346,-0.199114013
1990,2302,,0,0.464,0.06,1.907,0.963,0.321,0.01,1.533,0.042,0.251,0.706,0.116,0.011,0,0.129,0,0.133,0.839,0.013,1.482,0,-0.677,0.134,0.424,0.73,0,0.002,0.05,2.312,-0.014814815,0.140388007,-0.001410935,0,0.155217619,1.366666667,0.148429036,0.138237743,1,0.271704288,1.849401004,-0.355007866,0.03408495,-0.047266314
1990,2304,,0,2.628,1.13,21.364,15.77,0.009,6.7,0.424,0,0,0,1.284,-0.745,0.073,0,0,1.377,5.594,-0.745,32.32,0,2.932,2.416,7.307,0,0,-0.433,0,15.5,0.050852626,-0.020125255,0.107663078,0.001548097,0.122589403,1.340962167,-3.419489945,-0.012501318,0,2.39957395,0.523945665,0.137240217,-0.055139487,0.008068867
1990,2308,,0,40.502,5.73,65.77,30.327,7.906,22.891,3.821,0.903,0,2.056,3.345,4.942,0,2.383,0,33.387,35.443,4.942,19.513,0,17.89,30.135,93.927,1.95,0,1.579,0.363,11.75,-0.0229766,0.153240633,0.148165411,0,0.742405352,0.218938799,0.042732788,-0.026677676,1,0.675483734,0.778279903,0.272008515,0.104667782,-0.153862089
1990,2309,,0,11.106,0.787,14.218,8.162,0.341,6.121,1.297,2.328,2,2.218,0.463,0.327,7.399,0,0,3.674,6.056,0.327,6.514,0,4.656,2.848,12.712,0,0,0.053,0.489,3,0.011788374,0.006917728,0.02040024,-0.02717679,0.791250528,0.093573944,-0.361201495,0.018727224,1,2.09766127,1.402197233,0.327472218,0.061119707,0.012282497
1990,2316,,0,2026.147,558.185,5284.261,1841.531,161.753,5244.257,147.271,756.831,12.749,1339.764,189.236,363.596,665.459,75.915,0,1847.026,3425.337,363.596,3009.025,0.031,1947.196,919.811,7632.837,5.241,100.308,212,191.412,29.875,0.022395339,0.032837555,-0.004593261,0.000284495,0.646388208,0.016158209,0.210252242,0.085004805,1,0.418556301,0.979343986,0.368489747,0.14514953,0.051076069
1990,2327,,0,10.432,0.892,14.474,11.861,1.788,12.521,2.631,0.21,0,0.227,0.428,-0.646,4.843,0.064,0,2.046,2.613,-0.646,7.819,0,7.23,3.169,17.589,0,0.009,-0.072,0.071,2.25,-0.003539943,0.007488342,0.053235304,-0.041185881,0.625673622,-0.18892964,-0.402268627,-0.054969237,0,2.00363191,0.831850644,0.499516374,-0.044700843,-0.062902073
1990,2328,,0,318.184,132.211,3019.013,756.474,1.667,930.194,38.999,231.33,200,1074.025,118.976,79.616,106.533,38.721,0,470.93,2126.364,95.44,3707.568,136.175,161.502,203.868,1258.546,8.623,7.278,31.845,115.249,20,0.017557577,0.008731479,0.005933241,0.005728062,0.161921462,-0.0006273,0.059857497,0.038033504,1,0.96986333,1.066626242,0.053494967,0.080335527,0.023741442
1990,2334,,0,4.222,0.75,6.971,3.282,0.272,6.813,33.124,0.728,1,2.136,0.564,0.289,2.746,0,0,1.549,3.685,0.461,6.282,0.004,-6.217,1.182,10.83,0.642,0,0.247,0.35,0.031,0.14388249,0.290769488,0.003505258,0.167417793,0.571797447,0.428250529,0.142017706,0.074459388,1,3.196201176,1.327248531,-0.891837613,0.151771625,-0.244533467
1990,2336,,0,255.7,75.9,1501.4,425.1,181.6,110.9,51.092,18.3,70,107.9,120.7,49.7,12.5,0,0,94.2,407.9,49.7,2101.7,668.4,117.8,61.6,359.2,3.6,0,59.1,15.3,14.5,-0.012006861,0.013078902,0.003216124,0,0.054016252,0.203596878,-0.088898177,0.015952018,1,0.573812757,1.060324263,0.078460104,0.082656188,0.004073756
1990,2337,,0,282.955,111.212,2297.863,935.473,18.408,931.151,35.654,10.2,114.208,487.971,117.485,87.4,107.428,0,0,223.273,1101.657,78.354,2631.062,74.055,616.403,151.434,1380.402,0,41.54,52.274,46.988,21.25,0.002546882,0.045614279,-0.000498464,0.00011916,0.163988454,-0.045481711,-0.137960138,-0.035225656,1,1.234707433,0.954197841,0.268250544,0.077296166,-0.070567608
1990,2338,,0,1239.833,223.513,2161.077,647.783,508.738,2176.698,153.1,96.811,3.086,604.006,76.176,152.737,253.405,25.456,0,589.157,1330.858,204.035,1236.362,173.179,40.691,423.113,2457.295,256.683,99.511,62.291,122.46,9,-0.016515825,-0.034981288,-0.009373358,-0.017231882,0.37051572,0.190309038,-0.09747971,-0.020760271,1,0.470123376,0.77466324,0.018829038,0.179903817,0.054516441
1990,2340,,0,6.733,1.146,7.414,2.326,0.315,20.383,4.317,2.411,30.093,0.548,0.167,-0.175,1.128,0,0,4.54,5.088,-0.175,1.406,0,-5.143,4.579,25.796,0,0,0.011,0.342,1.5,-0.123293243,-0.047876358,-0.248097147,-0.000697229,0.881845158,0.001973023,1.633055941,-0.148469845,1,0.359200062,1.012710428,-0.693687618,0.024008632,-0.0611237
1990,2342,,0,10.597,0.801,25.564,22.064,9.653,19.188,2.874,0.071,0,0.132,1.126,4.347,0.549,0.858,5.512,2.587,3.5,4.347,27.394,0,17.406,0,26.413,0.044,0.174,2.64,0.038,23.125,0.001857854,0.154490845,0,0.000495428,0.089892036,0.05055286,0.018983551,-0.011795627,1,0.331982922,1.158857135,0.680879362,0.274800501,-0.142972153
1990,2345,,0,7.776,2.361,11.743,-3.011,0.06,20.381,6.098,1.764,0,8.868,0.658,-4.519,4.291,0,0,5.886,14.754,-4.674,6.826,0,-6.472,3.232,23.591,0,0,-0.011,1.906,0.5,-0.365241475,-0.254861231,-0.21533668,-0.222021888,0.866218173,-0.35520944,-0.49760999,-0.141010189,0,-0.987536897,0.742130232,-0.551136847,-0.236651622,0.166118516
1990,2346,,0,92.685,5.902,204.414,132.309,29.66,117.301,16.97,0.107,0,34.248,10.772,8.416,11.597,10.365,3.478,26.611,72.105,8.416,114.238,0,129.834,48.995,201.217,0.63,2.259,6.049,3.419,8.75,0.001219845,0.034458194,0.011325045,-0.002532399,0.504437074,0.082869198,0.006865081,0.002133788,1,0.891044701,0.982679987,0.635152191,0.087489115,-0.033218831
1990,2352,,0,94.037,8.236,147.197,100.929,38.384,78.694,7.156,1.579,0.484,3.298,6.258,15.01,17.681,0,6.724,26.24,43.413,15.01,87.875,2.855,96.681,25.185,191.161,0.17,0.527,10.606,0.646,26.5,0.018615092,0.038507761,0.016680682,0.026973478,0.38341814,0.094103947,-0.031987055,-0.019004372,1,0.532230584,1.059110076,0.656813658,0.178413962,-0.00144359
1990,2356,,0,21.052,4.057,24.2,1.39,0.829,35.477,2.816,12.5,0.25,5,0.563,-3.195,13.588,0,0,17.81,22.81,-3.195,2.802,0,-12.007,6.296,46.736,0,0,0,1.892,1.5,-0.137529562,-0.145170093,-0.024902472,-0.013704445,0.928057851,-0.214322454,-0.286721186,-0.044925546,1,0.329072088,0.771823064,-0.496157025,-0.053842975,0.10672488
1990,2362,,0,132.15,19.917,217.408,114.469,0.45,298.2,20.717,46.756,0,0.386,8.611,11.201,18.228,0,0,96.24,102.939,11.201,80.557,0,29.544,94.193,383.557,22.359,0.72,7.161,2.975,12.5,0.175651104,0.15228696,0.106875649,0.018063719,0.71055343,0.415030939,0.419956194,-0.022915939,1,0.442029251,1.084250606,0.135891964,0.098142663,-0.149831855
1990,2375,,0,26.744,2.887,49.33,41.577,2.172,56.137,9.669,0,0,0,3.279,3.829,13.564,0,0,4.49,7.753,3.829,87.082,0,31.908,9.531,73.063,0.206,0.379,2.433,0,5.375,0.030208387,0.070534023,-0.03360811,0.046797399,0.505453071,0.113921031,0.503458201,0.013929376,1,0.800005773,1.084020542,0.646827488,0.12694101,-0.053023399
1990,2376,,0,106.34,1.054,111.936,99.238,94.987,35.677,4.887,0,0,0,5.448,-1.476,1.587,0.2,94,1.054,12.698,-1.476,56.455,0,84.888,9.753,41.622,0,0,1.565,0,12.25,-0.142111657,-0.017112198,-0.025153807,-0.103434113,0.10799028,-0.333996381,-1.224919026,0.06088434,0,1.657675716,0.881318144,0.758361921,0.000795097,0.085837689
1990,2390,,0,20.01,3.796,24.835,16.444,3.97,57.804,4.177,0,0,0,1.327,3.917,8.622,0,0,8.391,8.391,3.917,19.258,0,9.185,6.371,84.344,0,0.01,2.404,0,16.5,0.051066003,0.084599345,0.034682327,0.004553385,0.645862694,0.175785814,0.034690648,-0.008307049,0,0.238593799,1.06136335,0.36984095,0.254519831,-0.066641134
1990,2393,,0,202.218,43.449,535.04,271.383,9.453,829.03,14.464,19.943,0,75,41.389,35.375,70.143,0,0,118.136,263.657,35.375,606.863,0,227.992,93.433,1002.857,0,0.462,18.29,14.213,32.875,-0.049612358,0.015025697,0.004332686,-0.057388927,0.372493645,0.169715031,0.426522884,0.101954908,0,0.57072706,0.975985892,0.426121412,0.126865281,0.086095253
1990,2396,,0,36.722,4.148,58.078,29.067,0.114,43.165,2.068,12.217,0.55,8.517,2.231,1.179,24.027,4.179,0,16.787,29.011,1.179,37.965,0,25.91,9.645,70.214,0.004,0.164,0.689,1.758,15,-0.008575764,-0.029388482,0.030114124,-0.056633023,0.747994077,-0.110596681,0.225568661,0.029426418,1,0.937040619,1.386908458,0.446124178,0.062433279,0.029553401
1990,2402,,0,2.316,0,4.465,3.744,2.227,1.238,3.534,0,0,0,0.022,0.293,0,1.2,1.862,0.345,0.721,0.293,0.199,0,1.168,0,1.656,0,0,0.102,0.001,2.094,0.010475343,-0.106334618,0,0,0.46181411,-0.533521127,-0.557333462,-0.235103493,0,0.505932546,1.285714286,0.261590146,0.08868981,-0.138353592
1990,2403,,0,5670,530,9215,5418,1958,2630,523.819,397,0,231,244,1748,1366,14,1362,2821,3797,1748,4271,0,5367,1776,10300,145,540,776,72,67,0.050474255,0.033762421,0.022357724,0.02563234,0.502007596,0.18052634,0.010404763,0.088223242,1,0.154377126,0.907080216,0.582419967,0.281714596,0.079268293
1990,2406,,0,358.323,205.407,1909.53,923.145,18.209,998.72,59.976,61.553,15.519,492.352,69.637,54.892,209.649,10.082,0,272.958,969.789,54.892,2080.849,0,587.137,126.12,1160.414,0.123,0,26.243,55.088,15.625,-0.03043621,0.01308387,-0.025553318,-0.002742001,0.23583552,-0.132450474,-0.005706116,-0.025556981,1,0.985082033,1.047937531,0.307477233,0.071338497,-0.047773109
1990,2408,,0,345.5,233.6,3584.4,1330.5,0,1082.9,105.698,170.3,270.7,1272.5,303.5,193.2,0,30.8,0,496.6,2094.5,193.2,4991.2,159.4,509.8,304.7,1852.6,37.2,14,134.8,151.2,19.25,-0.005626998,0.03339254,-0.008269982,0,0.124009597,0.161901822,0.23238236,0.000515574,1,0.653909091,0.989523245,0.14222743,0.133690436,-0.026515098
1990,2411,,0,7721,1790,35929,18501,2522,13511,614.591,1075,672,7819,3386,3640,400,185,1701,8395,17267,3640,44075,0,14082,4475,23019,287,1762,1741,1041,60.875,-0.00456381,0.014936107,-0.008436134,-0.002848924,0.175818976,-0.001327339,0.006696561,0.011626562,1,0.494504255,0.972750978,0.391939659,0.178741407,0.006444653
1990,2416,,0,3.517,2.291,16.232,7.552,2.129,4.152,4.072,0,1.959,5.895,2.545,1.352,0,0,0.01,2.4,8.68,1.352,23.522,0,6.437,1.297,11.773,0,0.109,0.43,0.624,2.5,-0.000124906,0.067574319,-0.005370972,0,0.120502711,0.268885085,-0.092826198,-0.003089195,1,0.741846758,0.869024041,0.396562346,0.148225727,-0.063702223
1990,2424,,0,327.259,98.407,1460.728,510.489,57.763,843.552,24.87,0,73.01,534.093,38.07,56.436,93.432,0,42.585,204.126,904.85,56.436,1381.49,45.389,231.148,140.56,993.859,18.752,15.4,16.882,45.101,28.25,0.002016923,0.068593284,0.011734764,0.000772776,0.232934537,0.014206908,-0.341985066,-0.00871483,1,0.726594771,1.002516517,0.158241644,0.081068481,-0.073979315
1990,2433,,0,150.677,29.968,205.912,82.893,7.306,162.472,4.589,36.386,16.378,21.667,9.084,-14.566,81.611,0,0,91.671,123.019,-14.566,118.951,0,37.586,60.528,232.59,0.131,0,-2.7,4.277,10,0.079653147,0.026715198,0.102584004,0.08212073,0.757590621,0.104409878,-0.211459249,-0.106791795,1,1.806341251,1.00667075,0.182534287,-0.063080345,-0.130455379
1990,2435,,0,621.569,33.444,1082.597,648.788,108.113,420.054,27.644,2.236,0,112.278,32.352,145.233,307.377,0,14.368,190.222,422.03,145.233,385.445,11.779,890.472,177.308,1118.85,0,21.132,74.313,11.075,78,0.030908247,0.064257093,0.01664495,0.016504237,0.711849377,0.084224184,-0.035072035,0.046685138,0,0.300889877,1.158163504,0.78457252,0.213025715,-0.00316698
1990,2436,,0,535.561,93.011,736.795,336.182,16.335,1063.796,17.264,60.554,0,128.611,28.638,31.775,362.554,0,0,250.251,400.613,31.775,321.369,0,250.696,120.75,1763.767,0.054,2.063,16.796,18.174,24.5,-0.020105327,0.00426138,-0.027981087,0.040307222,0.776749299,-0.016823205,0.076886109,-0.003108786,1,0.794816629,0.992224913,0.340252038,0.090588291,-0.002953582
1990,2437,,0,7.7,5.252,94.998,71.256,1.891,7.023,7.505,0.5,3.5,11.5,6.314,-2.058,0.464,0,0,8.111,23.632,-2.058,238.203,0.11,-64.032,5.128,15.129,0,0,0.036,0.995,5,-0.015132667,-0.032817961,0.015595802,0.000236953,0.069127771,-0.235783711,-0.335835699,0.034976654,1,1.898894071,1.282054518,-0.674035243,-0.010810754,0.061295378
1990,2439,,0,772.225,199.928,3573.573,1161.929,138.768,1613.334,152.697,95.578,656.463,1192.54,305.112,256.786,25.458,0,106.981,749.168,2411.644,-44.743,3068.037,0,805.609,565.589,2967.459,14.07,0,164.175,90.328,30.75,-0.003081269,-0.03243769,0.043100448,0.000877285,0.404800462,0.156549916,0.009431412,-0.113118105,1,0.247459406,0.889966442,0.22543516,0.058697556,0.030687065
1990,2443,,0,276.536,110.783,728.149,337.136,40.865,1871.457,81.589,3.612,143.75,180.134,35.789,60.138,203.813,9.966,0,158.357,391.013,58.099,519.226,0,248.068,23.774,2394.788,0.157,3.01,35.788,16.781,15.5,0.01797658,0.041483086,0.00305298,0.030617645,0.424676818,0.126212093,0.02194499,0.003447249,1,0.266588752,0.998781466,0.34068302,0.151985377,-0.023728279
1990,2445,,0,133.693,15.06,378.773,262.827,71.362,216.985,38.979,1.359,0,10.184,16.636,25.021,23.038,0,71.362,20.904,115.946,25.021,475.74,0,121.217,16.082,259.981,0.76,4.485,6.197,2.187,8,-0.022159153,0.016262565,-0.059369002,-0.046939846,0.164940479,-0.223297887,0.218781951,-0.008316369,1,0.842848072,0.994006194,0.320025451,0.088192664,-0.027905509
1990,2447,,0,0.907,0.942,4.058,2.296,0.905,0,24.416,0.722,0.425,0.049,0.019,-0.867,0.002,0,0,1.713,1.762,-0.768,3.054,0,-12.029,0,0,1.262,0,0,0.089,0.75,0.075158339,0.094581281,0,0,0.035731888,-1,,0.780175763,1,0.125382263,1.365407863,-2.964268112,-0.167323805,1.125967628
1990,2448,,0,152.425,9.278,338.982,215.891,1.918,189.604,16.078,24.468,20.651,26.673,23.237,17.559,94.569,0,0,62.826,123.091,17.559,307.088,0,232.917,40.031,297.39,0.244,7.798,7.214,3.889,14,0.037459709,0.02712396,-0.01836515,0.034798992,0.570617319,-0.042333533,0.320803709,-0.001426334,1,0.959123381,1.010084876,0.68710728,0.084553162,-0.030026829
1990,2461,,0,33.828,11.056,62.877,17.863,1.337,71.933,3.912,2.605,25.672,25.22,4.249,-1.137,15.648,0,0,17.325,45.014,-1.137,35.942,0,8,15.29,94.84,0,0.011,-0.23,3.16,1,-0.013350517,-0.037597524,-0.038801386,-0.005509982,0.633904289,-0.088889305,0.271753471,0.04035846,1,4.566206544,0.810337579,0.127232533,0.028515992,0.076553252
1990,2464,,0,49.683,5.732,191.693,38.614,0.503,210.931,4.927,25.993,10.3,96.808,19.65,-10.699,4.046,1.52,0.003,43.809,153.079,-10.699,212.664,0,27.028,28.567,240.756,0,0,-4.3,11.916,4.125,-0.025796473,-0.050944008,-0.015989227,0.001219807,0.330867585,0.075485335,0.603676686,-0.041529812,1,1.899932961,0.855317387,0.140996281,-0.016083008,0.025611062
1990,2467,,0,2.002,0.109,3.243,2.837,1.326,5.462,1.211,0,0,0,0.169,-0.683,0,0,0.574,0.406,0.406,-0.683,0.901,0,-2.845,0.525,4.948,0,0,0,0,1.125,0.004577892,-0.297832234,-0.043355325,0,0.429848905,-0.170751501,-0.250720486,0.105578803,0,2.08239288,0.688039577,-0.877274129,-0.210607462,0.507876666
1990,2482,,0,5.216,0.472,12.353,7.883,1.099,18.83,2.741,0.385,0.724,2.817,0.797,-0.801,2.013,0,0,1.169,4.47,-0.801,16.804,0,2.962,2.052,20.452,0,0,0,0.418,0.625,0.064669739,0.059754224,0.046313364,-0.037096774,0.333441269,-0.180233759,-0.518203349,-0.044913656,1,4.601532288,0.855267355,0.239779811,-0.031004614,-0.1046851
1990,2484,,0,313.437,73.796,418.508,218.91,26.612,520.519,17.797,0.355,80.917,95.838,9.809,24.035,275.807,0,0,98.917,199.598,24.035,138.543,0,161.333,6.044,789.989,1.066,0.088,13.647,5.654,13,0.074645672,0.004301697,0.008536514,0.143611927,0.697238763,,,,1,0.946183932,,0.385495618,0.103548797,
1990,2497,,0,50.734,7.44,122.673,42.835,10.87,150.191,8.768,6.862,0.267,37.087,8.392,-0.782,5.453,38.695,0,29.631,79.838,-0.782,85.425,0,43.348,29.998,175.236,0.1,3.399,-1.082,6.161,8.25,-0.196189563,-0.06333209,-0.260381044,0.000113638,0.716294539,0.125106858,1.571981077,-0.010624824,1,0.592167212,0.970793152,0.353362191,0.035028083,0.052202631
1990,2504,,0,4869.5,1320.5,10288.6,1907,403.4,6009.8,161.77,1235.5,353.8,2494.6,590.6,-436.7,1457.8,778.1,0,4209.6,6803.2,-436.7,4181.8,1578.4,677.3,2366,10056.3,150,353.8,99.4,446.7,2.5,-0.075809426,-0.092834465,-0.031521512,-0.028812335,0.773399685,0.025226257,0.192493708,0.015861175,1,4.715336589,0.947643747,0.065830142,0.010633128,0.112093386
1990,2507,,0,2.224,0.315,4.764,3.259,0.678,3.025,20.543,0.151,0.428,0.758,0.24,0.272,0.799,0,0,0.735,1.493,0.411,5.88,0.012,0.701,0.7,4.226,0.022,0,0.141,0.098,0.281,-0.036290323,-0.014112903,0.019713262,-0.010080645,0.367338371,-0.094925634,-0.361283819,0.024193942,1,0.564565431,0.976143403,0.147145256,0.136439966,0.032258065
1990,2508,,0,53.032,8.239,84.981,27.014,0.782,76.698,4.542,28.955,2.63,12.37,3.267,1.709,23.988,0,0,44.4,57.967,1.709,43.519,0,21.599,26.602,110.336,0,1.329,1.274,2.975,4,0.095168317,0.04959736,0.037914191,0.108026403,0.624210118,0.118077303,0.569121066,-0.015058151,1,1.48690113,0.910314593,0.254162695,0.070109789,-0.058125413
1990,2515,,0,593.825,333.485,685.026,176.332,55.881,1047.192,29.832,8.338,6.661,93.3,21.739,-24.113,283.664,0,0,393.904,498.867,-23.066,122.812,0,28.866,253.36,1353.634,5.22,1.424,-6.462,10.1,7.625,-0.008164029,0.031039475,0.065058639,0.118317395,0.821130877,0.16223879,-0.181525573,-0.105339862,1,0.775191345,0.955507079,0.042138547,-0.028360967,-0.121363651
1990,2518,,0,132.45,44.015,225.877,50.226,10.546,448.093,4.54,8.805,2.863,70.909,10.703,8.168,49.036,0,0,87.79,175.651,8.168,202.541,0,80.174,61.322,564.459,1.972,3.401,7.88,10.634,13.5,-0.112941519,0.00478261,-0.021960613,-0.060097322,0.618889927,-0.043442337,-0.210616122,-0.00372282,1,0.819481242,1.150667805,0.354945391,0.118126237,-0.01184306
1990,2526,,0,429.866,340.182,1220.012,457.115,0,888.995,96.38,11.313,0,296.607,41.019,24.157,48.862,0,0,460.769,761.024,24.157,307.136,0,151.697,373.774,1097.728,0.518,0,12.086,30.941,6.25,0.004689058,0.012129362,-0.022963644,-0.007160611,0.880202818,-0.034022438,0.785616165,0.017151849,1,0.758854534,0.947429853,0.12434058,0.055068311,0.005075339
1990,2527,,0,450.528,76.396,1432.282,496.255,46.687,1147.721,21.648,46.085,95.708,394.739,77.172,55.135,124.713,19.061,0,318.319,882.108,55.135,1294.692,16.408,380.461,252.796,1557.467,80.466,42.848,60.1,39.156,40.25,0.028214826,0.104626248,0.038210727,-0.009608219,0.390055171,0.002558811,-0.136501513,0.014123887,1,0.569536175,1.01306007,0.265632746,0.107793717,-0.089693666
1990,2529,,0,3525.1,43.4,4691.8,2392.7,2598.8,2873.7,23.685,283.4,0,712.4,51.9,91.5,0,463.4,1877.7,814.9,2109.7,110.8,787.5,189.4,2143.9,505.2,3261.2,0,0,10.9,110.5,172.625,0.014148365,-0.026753272,0.011833178,0,0.367513534,0.1000549,-0.528130101,-0.041764757,0,0.585209336,1.087673914,0.456946161,0.049490601,-0.017321029
1990,2535,,0,30.903,6.061,62.267,8.87,0.516,53.992,3.913,10.672,16,21.286,2.017,-5.565,14.548,0,0,23.888,50.42,-5.429,45.179,2.977,-31.541,13.565,68.202,0,0,0,4.073,2.625,0.134814558,-0.044012421,0.087484812,0.126424811,0.562432749,0.429251319,0.098664577,-0.110260429,1,0.863543987,1.234550375,-0.506544398,-0.021777185,-0.059229686
1990,2536,,0,28.966,3.347,90.427,44.356,1.92,57.009,4.757,1.469,16.838,28.6,7.72,3.843,0,0,0,13.687,46.071,3.843,70.946,0,25.479,24.087,97.714,0.749,0.408,2.232,2.948,20.5,0.027601171,0.053849115,0.015445457,0,0.488427129,0.130462318,0.237629555,-0.034097178,1,0.454847029,0.793516919,0.28176319,0.099782145,-0.075092451
1990,2537,,0,27.812,2.294,32.59,25.374,3.591,39.351,4.304,0.107,0,0.408,0.857,5.52,10.411,0,0,6.808,7.216,5.52,10.611,0,12.327,12.398,60.279,0.605,1.977,3.383,0.053,11,0.142761618,0.193781344,-0.021364092,0.081344032,0.751212028,0.214836973,0.308997773,-0.017739908,1,0.535949645,1.12421284,0.37824486,0.274808223,-0.182915413
1990,2538,,0,173.518,11.024,255.005,112.747,4.351,831.077,19.703,10,1.668,61.203,14.715,12.046,0,0,0,72.987,140.701,10.369,107.32,0,100.101,165.389,921.22,0,7.068,8.135,7.739,6.75,-0.048612898,0.038877454,-0.084243942,0,0.763706594,0.116035203,0.918052301,-0.047858343,1,0.847752081,0.895222279,0.392545244,0.102911708,-0.071761536
1990,2541,,0,86.74,6.472,254.519,-86.638,10.332,284.993,6.615,0,0,0,10.791,-19.251,33.557,0,0,28.041,341.157,-142.251,381.781,0,-182.077,40.219,285.209,0,0,0,1.284,0.344,0.114417653,-0.550055044,0.020092552,-0.002225145,0.546359997,-0.029931346,0.286309995,-0.525604561,0,-7.034304207,0.936273279,-0.715376848,-0.55385649,0.504593502
1990,2553,,0,39.83,6.168,54.553,10.166,5.233,53.721,13.67,25.167,5.976,1.587,2.42,-27.15,29.287,0,1.695,38.104,39.691,-27.15,40.608,4.696,-34.627,4.716,71.244,0,0,0,3.526,1.125,-0.083272473,-0.442788368,-0.025278345,-0.066191704,0.656297546,-0.091226234,-0.250458242,-0.304826235,1,0.661042022,0.473759566,-0.634740528,-0.433046762,0.155590002
1990,2554,,0,69.336,16.041,171.634,25.364,1.426,120.22,6.554,0.7,6.484,107.797,7.594,13.954,41.016,9.267,0,30.252,146.27,-12.918,70.418,0,0.262,18.303,278.815,1.241,0,8.625,9.716,20.625,0.148539763,-0.061480712,0.011541322,-0.003570374,0.707301584,0.162151259,-0.091579519,0.076756945,1,0.187636564,1.371424837,0.001526504,0.031596304,0.160738115
1990,2555,,0,130.247,22.635,218.72,151.73,88.3,76.355,15.118,0.428,0.334,0.506,21.49,33.645,13.866,1.013,0,51.431,66.99,33.645,163.115,0,162.137,15.942,373.95,0.915,10.13,19.865,0.085,29,0.002307288,-0.005746545,0.005038463,0.005698376,0.227514631,0.055476304,-0.020726945,0.016358065,1,0.346082085,0.984278499,0.741299378,0.24503932,0.018891827
1990,2556,,0,78.495,7.592,121.065,67.049,6.381,88.524,5.173,3.317,0.223,11.541,4.238,17.842,20.182,0,0,19.661,31.202,17.842,43.713,9.643,48.19,48.767,159.481,0.199,0.841,1.949,1.674,20.5,0.005851169,0.127009965,0.016348079,0.01077847,0.74175856,0.133562506,0.034282799,0.005694906,1,0.632260376,1.040315068,0.398050634,0.17730145,-0.102584633
1990,2561,,0,12.391,2.404,15.417,8.069,0.53,17.651,2.254,0.589,0.834,2.349,0.692,1.594,6.72,0,0,4.411,7.076,1.594,4.582,0,4.523,4.528,28.885,0.035,0.261,1.055,0.263,5.875,0.067397568,0.041042941,0.0368262,0.095368613,0.800350263,0.098709952,-0.06745743,-0.013086751,1,0.609337876,0.973921226,0.293377441,0.188882403,-0.033663645
1990,2562,,0,1714.4,282.5,4490.3,1443.5,47.5,3361,75.456,595,91.2,990.2,219.5,373.9,780.8,0,0,1554.8,2991.5,373.9,3366.5,9.6,2250,839,5781.1,4.3,158.4,255.3,132.5,83.25,0.052641855,0.068358755,0.040878585,0.040585723,0.566732735,0.122158921,0.050315488,-0.001700548,1,0.229794043,1.00366594,0.501080106,0.169632319,-0.057034777
1990,2566,,0,17.018,1.384,30.371,-13.054,4.916,19.174,14.451,0,0,30.413,2.847,-24.737,6.183,0.473,0.849,8.917,43.425,-24.737,21.025,0,-50.351,5.601,25.671,0,0.75,0.348,3.138,0.219,-0.208166914,-0.380760571,-0.091467623,-0.137563503,0.497645781,-0.632292157,-0.442476057,-0.216197741,0,-4.124787623,1.08688187,-1.65786441,-0.699713543,0.4065806
1990,2572,,0,3.15,0.96,3.502,1.335,1.281,6.371,0.879,-0.069,0,0.449,0.119,0.196,0.335,0,0,1.674,2.167,0.196,1.428,0,-0.367,1.445,8.86,0,0.132,0.145,0.149,3,0.021516013,0.128106838,-0.096698405,0.0046989,0.549971445,0.148194117,0.081734039,-0.048189973,0,0.506257217,0.83861134,-0.104797259,0.139920046,-0.173117349
1990,2573,,0,17.95,0.244,21.465,19.44,13.79,3.474,2.696,0,0,0,0.474,0.839,1.886,0,6.307,0.861,2.025,0.839,7.819,0,10.493,2.117,11.298,0.001,0.001,0.23,0.013,5.5,0.021631047,0.002780461,0.012252881,-0.004712646,0.22170976,-0.114480546,0.028002371,-0.00340735,1,1.311033362,0.994078196,0.488842301,0.05040764,-0.004194255
1990,2574,,0,1725,1032,12804,3541,609,6864,98.54,357,562,3025,473,365,257,223,313,2303,9263,416,14927,0,2282,728,8205,0,0,172,363,31.75,-0.006613019,0.032587045,0.006613019,0.001593499,0.172133708,0.015757879,-0.279261814,-0.002552593,1,1.131799869,0.97918723,0.178225555,0.074273665,-0.03752689
1990,2589,,0,9.357,0.437,16.363,9.54,4.637,14.222,8.363,0.721,0,1.943,1.085,-0.538,0,0,1.592,4.88,6.823,-0.538,12.661,0,-32.541,4.136,13.253,0,0,0,0.303,0.375,0.061459733,-0.084255143,-0.016023984,0,0.490313512,-0.208462212,-1.085503311,0.085660675,0,3.041970585,0.711741936,-1.988694005,-0.01436167,0.210327716
1990,2595,,0,5.402,2.04,12.815,4.762,0.383,29.883,30.845,1.082,2.25,2.23,1.305,-1.87,4.224,0,0,5.393,8.053,-1.87,12.008,0,-13.365,0.661,43.396,0.998,0.349,0.007,0.34,0.656,0.061132779,0.021282008,0.022214685,0.043835849,0.402262973,0.2452438,-0.109102976,-0.240082961,1,0.235342761,0.967236417,-1.042918455,-0.118845103,-0.226555876
1990,2596,,0,49.626,13.125,57.829,29.45,3.178,69.141,11.122,0,0,0,2.604,4.003,0,0,0,27.618,28.379,4.003,18.635,0,29.796,43.689,148.071,0.12,3.751,1.757,0.163,3.375,0.044222192,0.09902239,0.076532865,0,0.808763769,-0.077968536,-0.108490793,0.006110576,1,0.78456446,0.950700845,0.515243217,0.10242266,-0.093670316
1990,2597,,0,2049.803,524.745,4555.888,1480.316,348.287,3160.233,69.75,262.855,450.112,786.635,192.271,345.973,632.934,11.378,227.563,1855.603,2851.288,345.973,2818.31,0.579,408.071,976.592,6067.254,318.781,150.809,150.423,177.229,61.2499,-0.003726941,0.143540682,0.037660405,0.023128864,0.509227839,0.31656608,0.010058794,-0.005162913,1,0.346501357,0.989179084,0.089570025,0.147858112,-0.122488933
1990,2598,,0,14.492,1.661,24.889,12.641,0.519,17.274,16.936,3.018,6.3,5.464,0.853,2.306,9.343,0,0,5.747,12.248,2.306,10.409,0,7.212,4.324,26.759,0.018,0.153,1.253,0.383,1.25,0.181993872,0.092293189,0.014329484,0.160122555,0.642532846,-0.120307252,0.518941998,0.028792562,1,0.597118564,1.527169138,0.289766564,0.158383222,-0.04487391
1990,2602,,0,39.958,7.896,108.905,43.935,0.585,117.824,6.073,10.965,2,28.862,7.805,4.362,8.739,0,0,28.481,64.97,4.362,100.512,0,28.293,30.165,170.375,0,0.379,2.789,3.754,9,0.04477103,0.033052374,0.058141825,-0.006118675,0.480510537,0.007788926,-0.110310952,0.007999672,1,0.803831165,1.014891787,0.259795234,0.100133144,-0.023552578
1990,2604,,0,39.606,15.911,324.885,217.505,7.721,199.073,16.262,29.237,17.518,21.021,15.997,29.823,3.014,0,0,65.397,107.38,29.823,380.839,0,198.205,18.494,323.707,0,0.316,19.88,4.376,22.25,0.024222848,0.093667817,0.012351547,0.000901285,0.117860166,-0.076046967,-0.206246004,-0.034686399,1,0.601125668,1.163664142,0.610077412,0.166455823,-0.113880935
1990,2606,,0,27.158,7.199,50.87,20.165,0.608,175.514,2.22,1.721,1.65,13.581,3.456,1.813,15.872,0,0,13.246,30.705,1.813,50.753,0,16.926,9.758,192.703,0,0,1.112,1.405,7.125,-0.028234814,0.027826797,-0.014015403,0.013219769,0.550402988,0.00563162,0.071276216,-0.002223362,1,1.274854057,1.114499546,0.33273049,0.085118931,-0.02768399
1990,2614,,0,3.039,0.989,3.66,1.038,0.339,6.839,10.226,0.58,0.2,0.257,0.21,0.001,0,0,0,2.365,2.622,0.093,1.474,0,-9.212,2.429,12.205,0,0,0.135,0.085,0.25,0.227549889,0.236696231,0.218403548,0,0.787704918,0.103304987,-0.187469888,-0.079377358,1,0.406023861,1.186813187,-2.516939891,0.085519126,-0.293514412
1990,2615,,0,3.171,0.986,4.825,2.002,0.077,10.13,4.424,0.598,0.705,0.32,0.384,-0.508,1.954,0.355,0,2.503,2.823,-0.508,2.99,0,-4.061,0.936,14.267,0.462,0.041,0.001,0.251,1.5,-0.127878674,-0.00430631,-0.1158959,-0.120763902,0.770777202,0.379738623,-0.204573178,-0.138247161,1,0.301687764,1.032942805,-0.841658031,-0.053056995,-0.133121138
1990,2622,,0,20.305,12.802,38.172,24.06,15.525,48.655,5.763,0,0,0,1.976,4.716,0.133,0,0,14.112,14.112,4.716,32.616,0,5.682,0.998,55.903,0,0.245,0.213,0.343,12.25,0.089019378,0.109453905,0.001905135,0.000104391,0.153410877,0.15587669,0.677520716,0.055787998,0,0.34080889,0.994237742,0.148852562,0.138111705,-0.062086514
1990,2625,,0,67.435,9.903,89.987,55.735,1.684,107.64,8.191,9.077,0,5.23,3.968,6.642,38.414,0,0.532,29.022,34.252,6.642,32.803,0,35.246,26.929,145.851,0.698,2.031,3.89,1.756,8.625,0.040111109,0.085217531,-0.048650008,0.099643355,0.83070888,0.333454739,0.479723177,0.006726663,1,0.788918201,0.839237398,0.391678798,0.136553058,-0.067956837
1990,2628,,0,27.529,8.336,369.055,114.244,8.213,67.848,5.689,0,20,104.905,9.665,14.366,2.546,0,0,20.658,251.336,14.366,442.276,3.475,89.185,12.862,124.387,0,2.681,8.94,9.915,26.75,-0.00679839,-0.012981311,0.001233761,-0.000135516,0.09535977,0.066025647,-0.01434355,-0.001627749,1,0.750712557,0.943252421,0.241657748,0.090016393,0.014658323
1990,2633,,0,94.841,33.869,548.065,387.189,3.326,300.166,23.43,0.363,68,40.045,38.3,30.446,5.633,0,0,59.697,160.876,80.845,526.98,0,326.668,72.613,425.32,4.552,4.325,20.118,6.252,18.875,-0.085993734,-0.204083918,-0.051074388,-0.053406666,0.345313056,-0.318105878,0.02568214,0.01989186,1,0.875515344,0.805418338,0.596038791,0.195624607,0.133872473
1990,2634,,0,5.237,1.102,7.149,3.951,0.587,8.487,2.779,0.241,0,1.097,0.145,0.521,2.348,0.055,0,1.981,3.198,0.521,3.121,0,1.784,2.122,11.783,0.066,0.332,0.372,0.145,3.875,0.424884319,0.45285347,0.327609255,0.268206186,0.798713107,1.773543821,-0.070583361,0.034750091,1,0.36689921,2.004175043,0.249545391,0.145195132,-0.384164524
1990,2644,,0,14.793,4.451,15.868,6.102,9.717,14.885,2.057,0.362,0,0.087,0.328,4.013,2.969,0.568,0,7.581,9.766,4.013,4.933,0,-5.063,1.98,30.119,0.089,0.765,0.878,0.08,10,-0.240210725,-0.302799182,-0.032395031,-0.114483409,0.361230149,0.540724667,-0.248894715,0.01939099,1,0.296645629,0.771390637,-0.319069826,0.313271994,0.44613933
1990,2646,,0,17.994,3.369,44.268,32.404,6.238,29.107,16.967,0.719,0,5.527,2.235,-10.396,4.973,5.913,4.79,5.411,11.864,-10.396,24.359,0,-38.308,6.06,21.854,0.158,0,0,0.702,2.5,0.162810825,0.049576955,0.100135633,0.100006459,0.465460378,2.645913608,-0.686298347,-0.036326739,1,0.763930639,1.315269474,-0.865365501,-0.218984368,-0.099128076
1990,2662,,0,14.747,3.459,108.609,65.278,7.299,59.72,98.642,2.4,19.491,28.391,6.616,-26.965,2.967,6.612,0,9.199,43.331,-26.965,81.199,0,-120.401,4.481,37.731,9.483,0.317,0.317,2.958,0.406,0.005043712,-0.206611143,-0.016338179,0.000974256,0.30375015,0.149379278,-6.00524656,-0.259422826,1,1.629967631,0.645131301,-1.108572954,-0.218121887,-0.051747625
1990,2665,,0,49,68,1269,-2624,13,121,44.328,1565,78,609,11,-498,0,53,0,1710,3753,-525,1202.614,140,-2837,36,256,0,0,-97,274,0.422,-0.392289086,-0.037968189,-0.262552225,-0.222021888,0.082742317,-0.806540025,0.309255141,0.053526037,1,-7.034304207,4.036458333,-2.235618597,-0.274231678,0.204793667
1990,2674,,0,163.22,37.203,392.164,205.923,4.412,347.204,12.725,46.452,0.119,87.257,11.2,24.888,114.426,5.357,0,85.047,186.241,24.888,292.246,0,137.03,44.382,400.087,51.465,1.392,9.062,16.387,14.5,-0.017762379,0.232108857,0.003970718,-0.042707162,0.442707643,0.296625609,-0.587594158,-0.014625129,1,1.116038282,0.894546836,0.349420141,0.128357014,-0.210876617
1990,2677,,0,5.215,0.551,15.581,15.015,4.632,0.789,12.272,0,0,0,0.605,-0.821,0,0,0,0.566,0.566,-0.821,13.69,0,-13.38,0.39,1.74,0,0,0,0,2.25,-0.013567206,0.045676261,0,0,0.110069957,0.316187595,0.637775349,0.021305553,0,0.543785311,1.06477897,-0.858738207,-0.052692382,-0.022418193
1990,2679,,0,13.812,0.802,80.67,76.539,4.438,10.869,18.942,0,0.003,1.741,0.67,-6.316,8.431,0.694,0,0.802,4.131,-6.316,125.482,0,-15.96,0.663,7.493,0,0,0,0.168,2,-0.033381194,-0.056108067,-0.010982507,-0.053517743,0.192711045,-0.221678515,16.57380952,-0.018718352,1,2.0203516,2.292098715,-0.197843064,-0.076211727,0.041726492
1990,2694,,0,267.307,79.121,362.963,266.163,129.956,262.894,23.773,0,0,6.214,19.954,15.527,73.495,27.134,0,82.632,93.844,12.715,160.741,0,255.947,62.507,291.779,0,3.511,1.285,0.76,12.75,-0.02250559,-0.053711678,0.001905715,0.007943316,0.487630971,-0.129722361,-0.611088779,-0.017955832,0,0.87811927,0.827367551,0.70516003,0.040665302,0.044353255
1990,2697,,0,193.715,117.405,1448.998,702.542,21.921,361.703,66.628,24.412,143.949,270.683,121.955,31.573,28.376,17.467,0,157.142,746.456,31.573,2243.247,0,413.908,135.821,587.438,0,0,21.449,37.587,14.5,0.012885139,0.035117633,0.018240212,0.001273013,0.138656506,0.032704745,-0.203915146,-0.007289026,1,0.727189356,0.989449682,0.285651188,0.062532177,-0.041446227
1990,2698,,0,3481.9,1856.8,20223.5,7812.5,849,7053.1,318.225,1497.9,1372.7,4606.1,839.6,355.3,1046.2,182.4,0,3548.2,11352.8,355.3,22231.7,14.9,5257.9,1586.7,10499.7,13.3,116,220.4,690.6,19.75,-0.000814834,-0.013755417,-0.001084748,0.001385218,0.225504982,-0.050185521,-0.046726514,-0.022516941,1,1.243050107,0.974216666,0.259989616,0.062615274,-0.001996343
1990,2703,,0,1148.711,280.85,1984.918,1027.257,157.687,2770.635,89.793,34.175,150,421.123,34.119,144.366,262.281,6.536,0,522.881,957.661,144.366,1118.827,0,748.275,717.138,3060.125,0,16.899,101.743,61.338,20.5,0.023204298,0.065846267,0.052648805,-0.028956789,0.506574075,0.028291598,0.015163471,-0.014022841,1,0.558062405,1.183838051,0.376980309,0.154891537,-0.068672448
1990,2710,,0,91.46,16.842,142.868,47.203,26.319,131.241,4.283,0.856,0,63.106,4.979,4.436,40.688,0,25.154,23.813,95.665,4.436,79.523,0,51.855,22.27,179.845,0.056,0.759,1.992,4.64,11.25,-0.006542364,0.067202767,0.0035299,-0.014077069,0.496171291,0.048071248,-0.152282617,0.014588364,1,0.979645627,0.966623454,0.362957415,0.077470112,-0.052423971
1990,2712,,0,22.204,6.951,57.485,22.323,0,83.509,2.83,2.74,14.507,14.007,2.525,-1.782,12.054,0.263,0,14.824,33.482,-1.782,48.984,1.68,17.737,10.041,89.601,0,0,-0.979,1.137,6.5,0.152581547,-0.043317801,0.00111836,0.056644921,0.486144212,-0.090954315,2.689478653,-0.056795341,1,1.213536287,0.785845792,0.308550057,-0.028250848,-0.010419385
1990,2721,,0,9451.319,2448.63,13540.333,4574.563,3791.949,6545.407,149.342,2713.948,283.859,1947.304,601.645,454.874,2875.459,0,0,6248.03,8278.074,454.874,5541.141,0,2025.519,2085.978,12799.615,9.941,353.467,638.793,348.904,47,0.043338998,0.06018756,0.032273744,0.039032555,0.523744357,0.342421123,-0.029887237,0.011998299,1,0.651733213,0.983752279,0.14959152,0.106538813,-0.045013342
1990,2729,,0,2816.391,108.873,6696.187,3367.897,1360.44,3256.273,16.759,0,250.5,1912.572,159.66,477.78,0,0,797.401,896.447,3255.215,477.78,1861.06,0,3057.745,828.341,5385.602,48.398,194.199,360,182.661,459.125,-0.004846161,0.100342885,0.006778039,0,0.599468922,0.097181043,-0.050730711,-0.004847547,1,0.437703237,1.008528971,0.456639727,0.152391354,-0.101560285
1990,2740,,0,2.544,1.556,11.546,4.186,0.366,21.191,16.544,1.995,1.125,3.292,0.69,-0.046,1.821,0,0,4.068,7.36,0.02,12.238,0,-1.496,0.143,24.384,0,0,0.066,0.642,0.219,0.109272113,-0.047339384,-0.010322121,0.108293291,0.2233674,0.34224511,1.475440631,0.049471826,1,1.155352817,0.863718011,-0.129568682,0.063052139,0.084712582
1990,2742,,0,116.872,78.204,449.613,210.363,9.249,478.809,38.144,26.51,107,120.061,16.503,35.624,32.488,12.095,0,104.714,239.25,35.624,272.721,0,179.595,70.945,566.167,0,0,24.665,12.233,16.375,0.120328622,0.164874246,0.156903451,0.080619145,0.540976351,0.595220177,-0.8338589,-0.073441495,1,0.336792056,0.923810248,0.399443521,0.161298717,-0.172393863
1990,2751,,0,385.186,91.713,446.419,193.37,78.265,1097.204,14.943,48.062,82.15,89.572,4.607,17.397,186.851,0,20.32,162.975,253.049,17.397,43.839,0,35.778,115.984,1184.3,51.635,1.231,11.123,10.591,35.5,0.193949107,0.05063244,0.095118231,0.195970276,0.755158271,0.32814822,0.500890931,-0.002899452,1,0.364521587,1.073555886,0.080144438,0.087610518,-0.037367262
1990,2763,,0,41.935,6.068,93.772,13.247,6.18,54.948,10.2,2.622,4.077,37.084,5.621,0.532,0.591,0,0,38.502,80.525,0.532,51.165,0,6.705,31.822,137.664,0.606,1.394,0.285,5.165,1.75,0.096096333,0.180802448,0.061945418,-0.002526773,0.594153905,-0.102516462,-0.066638886,0.074967239,1,0.742128852,0.897558399,0.071503221,0.06379303,-0.101564428
1990,2771,,0,212.793,31.029,373.977,207.461,17.623,433.615,7.603,5.582,30.5,44.501,18.899,22.728,79.114,0,0,91.984,166.516,22.728,296.756,0,253.908,100.095,621.064,0,2.315,13.931,3.321,29.625,0.016169546,0.015526135,0.018186876,0.032701536,0.622610481,0.109838813,-0.034180727,-0.017540109,1,0.921071019,1.123735455,0.678940149,0.10690497,-0.0275093
1990,2781,,0,101.727,24.754,366.32,127.091,18.602,687.737,6.56,2.858,15.177,88.952,37.251,2.379,3.983,0,0,91.013,237.018,2.379,472.04,2.211,79.504,60.112,738.876,0.065,1.154,1.086,7.842,13,0.04936476,-0.010405413,0.013036893,0.001474077,0.24329275,0.06032629,-0.254466039,0.003313111,1,1.490279081,0.982310491,0.217034287,0.030866456,0.01380756
1990,2783,,0,502.173,241.476,7519.355,2253.536,6.631,1641.211,80.368,342.055,512.529,2614.904,261.602,280.429,173.516,43.522,0,868.726,4926.38,380.358,8780.488,339.441,917.513,270.191,2617.107,0,30.375,119.019,324.559,46.625,0.013083245,-0.017188388,0.014336928,0.009443961,0.139084004,0.026694707,-0.02631499,0.000518605,1,0.601398713,1.037486719,0.122020173,0.109575356,0.004516677
1990,2785,,0,1.693,0.281,1.984,0.762,0.88,1.12,0.94,0.302,0,0.339,0.151,-0.367,0.491,0,0,0.861,1.2,-0.367,0.979,0.022,-8.93,0.21,3.055,0.416,0,0,0.072,4.75,-0.163951384,-0.042410137,-0.096198604,-0.046030515,0.47983871,-0.045922873,0.09744432,0.531500252,1,0.170660694,1.159218858,-4.501008065,-0.148689516,0.671838635
1990,2787,,0,258.348,34.425,695.419,313.559,3.716,393.854,8.607,51.872,0,126.503,23.053,45.017,152.67,0,0,127.147,381.86,45.017,636.409,0,256.394,90.326,584.351,1.378,2.777,28.182,19.932,54.5,0.016951764,-0.008694223,-0.003798702,0.018358204,0.428298623,-0.080754563,0.109139903,0.021512549,1,0.668453137,0.965563459,0.368689955,0.133920701,0.032156797
1990,2788,,0,39.623,9.818,85.132,30.445,0.168,85.211,4.146,5.655,7.888,27.267,4.431,2.056,22.681,0,0,21.726,54.687,2.056,57.801,0,22.241,15.012,117.182,0,1.654,1.36,2.68,4.25,0.017920454,0.003003932,0.040830271,0.025269129,0.541312315,0.151422426,-0.17941694,-0.00014602,1,1.727817031,0.951418738,0.261253113,0.071606447,0.002655837
1990,2796,,0,1337.218,317.549,2045.194,-193.82,14.221,2044.307,29.848,43.721,103.396,1618.443,41.037,-9.47,550.433,0,0,493.804,2239.014,-25.97,1138.997,0,-832.328,745.883,2982.819,50.562,6.662,-2,178.734,5.25,0.009686731,0.013427348,-0.000209244,-0.005990243,0.701473308,0.143085676,0.191529492,-0.020237647,1,-1.236870056,1.093610845,-0.40696775,0.073716234,-0.021802086
1990,2797,,0,289.723,29.453,562.356,382.598,29.953,192.232,15.26,12.655,3.073,16.951,20.471,51.75,100.261,0,9.925,137.728,179.758,51.75,231.656,0,374.477,135.943,637.763,0,32.205,24.353,4.143,60.375,0.083112618,0.186506608,0.059033244,0.032374865,0.704283408,0.105357632,0.007433687,-0.006803093,1,0.415270755,0.811402047,0.665907361,0.142696086,-0.183768038
1990,2800,,0,19.355,0.557,24.068,19.766,1.122,21.99,3.649,2.45,0,0.766,0.315,-0.295,10.301,0,0.005,3.536,4.302,-0.295,5.866,0,3.872,6.964,30.164,0.091,0,-0.05,0.332,2.5,0.087343377,-0.051451783,-0.008123966,0.03670829,0.765913246,0.383013624,0.423945196,0.067020966,1,2.166730611,1.358062484,0.160877514,-0.000540136,0.116744396
1990,2802,,0,65.815,10.785,118.662,76.589,5.35,113.395,6.005,10.813,0,2.729,7.54,9.805,31.598,0,0,34.14,42.073,9.805,99.717,0,72.132,28.242,169.965,0,1.605,5.45,1.58,17,0.018554198,0.037697837,0.0133548,0.007020507,0.511545398,0.067004922,-0.008310495,-0.015327213,0,0.75024768,1.011622622,0.607877838,0.141873557,-0.04236058
1990,2803,,0,31.969,12.087,181.08,54.93,2.307,132.385,4.377,4,5,60.803,7.282,8.376,4.312,6.596,0,25.929,123.706,8.376,230.769,2.444,14.142,24.829,160.515,0.778,3.549,4.547,8.747,18,0.01319869,0.044657813,0.011666699,0.00528621,0.230991827,-0.088468642,-0.042436496,-0.002668992,1,0.697205143,0.989941325,0.078098078,0.119670864,-0.045252652
1990,2807,,0,31.646,24.096,197.741,84.813,8.875,397.837,11.001,5.031,0,63.77,11.791,9.032,20.265,0,6.086,35.844,112.927,9.032,215.036,0,60.3,1.932,519.412,0,1.477,5.362,5.442,9.375,-0.032052152,0.02800714,-0.00148752,0.001216113,0.132339778,0.134120261,-0.072237643,-0.001003574,0,0.822354331,0.930122531,0.304944346,0.100313036,-0.024463188
1990,2810,,0,45.344,7.859,51.021,19.062,0,108.778,2.375,21.67,0.15,1.462,0.525,0.721,22.191,0,0,29.779,31.378,0.721,8.512,0.581,15.39,22.648,113.588,0,0,0.617,2.947,6,-0.027340593,-0.00348251,-0.019952284,-0.043945049,0.929362419,-0.015705772,-0.374890768,-0.0327709,1,1.337684211,1.029992522,0.301640501,0.083985026,-0.028321853
1990,2811,,0,163.238,44.915,226.643,68.312,0.302,363.577,7.262,16.007,29.875,76.725,5.215,3.128,113.893,0,0,73.324,158.331,3.128,97.348,0,48.443,49.043,478.856,0.05,0,2.655,6.932,11,0.12710337,0.000363725,-0.009442871,0.082043391,0.757031984,-0.055328988,0.269379474,-0.027187295,1,0.855161623,1.014103806,0.213741435,0.056101446,-0.026113618
1990,2812,,0,875.329,145.305,2423.27,928.589,26.827,2348.033,59.27,95.816,100.062,542.512,70.544,120.455,492.212,121.435,0,616.077,1470.751,120.455,1606.175,0,448.802,329.177,3003.213,0,0,67.8,72.676,29.375,-0.059852117,0.039676533,-0.000401884,-0.000118051,0.416395614,0.122438869,-0.120319782,0.006045315,1,0.533348075,0.931057835,0.185205115,0.10767723,-0.028795841
1990,2817,,0,5901,1685,11951,4540,110,8705,100.906,1831,1030,2890,513,210,2105,1287,0,4259,7411,210,7585,0,3745,3051,11436,2,222,78,406,47,0.005158019,0.014162696,0.013201032,-0.001311361,0.657267174,0.025070397,-0.162934712,-0.029865285,1,0.95728445,1.038898596,0.313362899,0.058070454,-0.039253399
1990,2818,,0,55.324,18.432,83.408,19.969,3.034,156.379,14.669,1.5,96.219,29.446,4.914,-9.99,24.608,0,0,29.938,63.439,-9.99,43.004,0,15.61,24.966,238.248,0,0,-5.006,3.365,0.844,-0.107963081,-0.091798553,-0.026231326,-0.003736245,0.639387109,-0.071880702,-0.062235915,-0.057579188,1,1.612922196,0.759155396,0.187152312,-0.139447055,0.040211758
1990,2820,,0,6.088,1.951,17.548,6.21,0.393,30.509,1.128,1.303,4.291,5.971,0.623,0.871,1.91,0.442,0,5.024,11.338,0.871,13.107,0,5.729,3.353,36.904,0.015,0.016,0.547,0.684,3.125,-0.02732935,0.082687174,0.008770815,0.030697852,0.353715523,0.065619384,0.203426003,0.005048981,1,1.761703204,1.124302337,0.326475952,0.119785731,-0.066670904
1990,2826,,0,181.402,62.345,295.553,205.429,72.017,269.607,13.578,0,0,0,24.478,41.273,37.321,0,0,65.543,77.761,41.273,477.905,12.363,155.331,55.014,364.622,0.035,3.198,24.596,0,32.25,-0.002565412,0.007037916,-0.014079226,-0.004984908,0.386062737,-0.083775994,-0.058409677,-0.021340567,1,0.469133307,1.041252285,0.525560559,0.222866965,-0.03102927
1990,2829,,0,1.759,0.346,1.964,1.281,0.213,2.289,3.552,0.018,0,0.053,0.062,-0.804,0.975,0.033,0,0.63,0.683,-0.804,0.233,0,-1.466,0.46,3.368,0,0,0,0.061,0.094,-0.689246958,-0.318316343,-0.267346268,-0.222021888,0.814154786,-0.437129779,-0.386275719,-0.270813609,0,3.836616688,1.342794576,-0.746435845,-0.378309572,0.045379809
1990,2832,,0,1.876,0.286,3.772,2.214,1.263,1.442,11.842,0.494,0,0.527,0.255,-0.332,0.355,0,0,1.031,1.558,-0.236,2.974,0,-7.786,0.222,1.497,1.49,0,0,0.135,0.437,0.055837564,0.051060018,0.011048074,-0.009256494,0.174178155,-0.449056604,16.57380952,0.187018783,1,0.42782991,1.006016043,-2.064156946,-0.026776246,0.120633025
1990,2839,,0,213.71,74.743,3542.683,1063.133,20.91,761.08,84.411,208.062,96.008,1420.319,198.164,47.08,22.52,0,0,496.389,2404.95,64.62,3098.715,38.351,684.889,145.803,1149.323,41.367,28.569,24.118,135.492,29.75,0.002394886,0.020168309,-0.002564143,-0.00240207,0.433592845,-0.010611036,0.192711964,-0.105617716,1,0.423351969,0.959689079,0.193324946,0.063293837,-0.00981432
1990,2846,,0,157.673,11.044,273.08,168.664,95.719,26.609,13.999,13.892,19.331,42.083,8.316,-132.18,33.771,3.376,80.593,43.632,103.599,-132.18,123.259,0,-151.584,18.743,64.634,76.751,0,-2.2,2.235,44.5,0.101744937,0.145541783,0.020199655,0.129720488,0.287066061,-0.211163646,0.746894359,-0.584679774,1,0.270748071,1.080946898,-0.555090083,-0.483905815,-0.730037267
1990,2847,,0,799.56,172.466,9073.773,2743.689,42.546,1781.979,94.102,576.856,50,2512.945,284.412,386.201,302.611,0,0,1018.336,5936.408,386.201,10251.398,393.677,1570.118,392.152,2743.561,0.513,83.901,177.948,296.814,44,0.01046886,0.013161158,0.004422413,0.00770148,0.163246094,0.037880346,0.013120205,0.003384396,1,0.662648702,1.023999333,0.173039154,0.094884785,-0.007512051
1990,2856,,0,116.431,34.602,1093.53,333.587,8.624,367.2,14.951,33.724,1.017,407.638,36.134,41.035,40.582,5.253,0.15,107.375,678.913,41.035,1212.125,81.03,34.875,57.461,503.608,4.65,6.347,20.374,42.05,24.75,0.008071151,0.019414689,0.005633933,0.010528672,0.21014787,0.117343994,0.102952161,0.000965612,1,0.901495728,0.987094847,0.031892129,0.094610116,-0.017644684
1990,2858,,0,398.02,52.814,1722.318,602.28,189.712,403.554,34.172,0,50.645,496.319,66.977,71.373,87.067,9.167,185.878,164.331,1035.293,71.373,2132.103,84.745,244.422,87.63,600.772,0,21.686,35.891,41.381,21.75,-0.014824676,-0.004549359,-0.007117752,-0.003292498,0.143233131,0.046383209,0.176325912,-0.000458548,1,0.810342809,0.980226348,0.141914559,0.0863052,0.004637183
1990,2859,,0,39.995,38.48,920.999,322.37,10.623,208.856,11.249,39.977,60,314.746,32.925,42.544,22.246,19.847,0,114.248,583.794,42.544,1129.259,14.835,166.962,5.899,333.978,0.143,5.656,18.648,32.21,36.125,-0.030787696,0.007437361,-0.032048818,-0.000217435,0.089211823,0.167238312,0.239438956,0.00029944,1,0.793291584,0.983012643,0.181283585,0.101413791,-0.006354535
1990,2860,,0,182.215,86.061,1456.072,463.705,1.391,627.501,28.945,108.63,127,495.716,44.363,48.795,29.842,0,0,231.186,911.921,48.795,1444.544,80.446,89.598,92.003,765.595,87.846,0,5.7,54.391,18.125,0.036841321,0.032095781,-0.001699981,0.00315793,0.30043638,0.081782172,-0.062525628,-0.003226229,1,0.883873696,1.03594466,0.061534045,0.074780643,-0.031936588
1990,2870,,0,43.036,14.827,406.426,141.58,8.492,184.913,6.899,23.225,25,153.569,11.195,17.531,3.857,8.802,5.275,56.618,249.792,17.531,389.26,15.054,50.1,26.182,231.565,4.911,3.297,7.798,14.015,26.875,0.01233974,0.005984942,0.003013162,-0.000012932,0.225568738,0.031278535,-0.079663104,-0.005391484,1,0.763602843,1.037416244,0.123269673,0.09680483,-0.007831635
1990,2872,,0,46.258,5.419,190.167,63.096,10.305,99.127,14.5,6.105,8.697,81.099,7.607,1.765,17.141,13.54,5.923,37.339,125.453,1.765,37.126,1.118,-13.41,17.217,162.196,0,2.882,0.731,12.06,2.75,-0.031726619,-0.03344485,-0.032176392,-0.02885111,0.804903059,0.033944881,0.17186955,-0.011515266,1,1.582344828,0.96336155,-0.070516967,0.076543249,0.02147788
1990,2884,,0,65.897,13.804,706.411,280.461,32.591,137.187,30.834,37.5,12.012,230.715,51.067,31.098,4.015,23.326,0,83.236,421.268,31.098,734.826,0.454,101.459,28.001,248.757,5.987,8.027,17.396,24.132,31.5,-0.001274696,0.055475758,0.004407788,-0.001945664,0.258862051,0.191058192,-0.058924955,0.007218721,1,0.288756927,0.930470964,0.143626019,0.102809837,-0.042694459
1990,2888,,0,10.576,1.507,23.556,18.637,0.836,16.025,6.055,0.722,0.812,1.319,2.613,0.371,5.649,0,0,3.172,4.919,0.371,20.488,0,-11.262,3.935,23.131,0.052,0,0,0.302,4.375,0.075238771,0.019810652,0.007507194,0.051632815,0.585328579,-0.023943183,2.175711617,0.107927013,1,0.70353191,0.984070045,-0.478094753,0.028570216,0.106059974
1990,2889,,0,14.236,1.68,32.034,12.922,2.394,20.967,1.457,1.458,3.325,2.922,1.649,0.363,2.555,0,0,5.377,9.188,0.363,17.484,0,5.321,8.781,34.327,0,0.121,1.144,0.49,2.75,0.001700118,0.062841401,-0.021408894,0.002518693,0.592495474,-0.044360122,0.175903106,0.006291475,1,3.225057715,1.061932637,0.166104764,0.062340014,-0.042125148
1990,2891,,0,1.688,0.382,2.216,0.569,0.081,3.052,2.225,0.508,0.536,0.533,0.164,-0.677,0.993,0,0,1.114,1.647,-0.677,1.685,0,-1.918,0.614,4.716,0,0,0,0.069,0.562,-0.092336536,-0.348254043,-0.000937427,0.056714319,0.764440433,-0.053560682,-0.200687072,-0.19550121,1,0.455036203,0.943837754,-0.865523466,-0.274368231,0.150925709
1990,2896,,0,0.249,0.008,0.545,0.537,0.184,0.018,3.859,0,0,0,0.008,-0.372,0,0,0,0.008,0.008,-0.372,0.527,0,-2.466,0.065,0.04,0,0,0,0,0.185,0.084583902,0.43792633,0.077762619,0,0.612844037,-1.346938776,2.202614379,-0.512953002,0,0.752190631,0.625,-4.524770642,-0.682568807,-0.952251023
1990,2897,,0,6.71,0.411,7.118,4.502,0.334,16.003,3.128,1.646,0,0,0.706,-2.148,2.369,0,0,2.616,2.616,-2.017,2.302,0,-0.45,3.911,19.566,0,0,-0.117,0.312,0.875,-0.42562175,-0.22264559,-0.27145873,-0.205035786,0.91177297,-0.278546825,-0.092797684,-0.234494279,0,1.644866642,0.473672742,-0.063220006,-0.255970778,-0.029761598
1990,2905,,0,8.02,1.369,11.179,2.182,0.101,7.17,2.454,4.279,1.33,2.775,0.262,0.148,4.268,0,0,6.222,8.997,0.417,5.114,0,-0.536,3.551,9.453,0,0,0.299,0.309,2.25,0.597965385,0.084819659,0.350508654,0.268206186,0.71339118,0.121556985,4.883995846,0.300270188,1,0.395182469,1.658816696,-0.047947044,0.091689776,0.067380103
1990,2908,,0,7.202,2.355,16.656,2.058,1.015,11.941,4.316,8.393,0,0.953,0.484,-2.523,3.192,0.16,0.153,13.322,14.275,-1.87,8.536,0,-15.448,1.977,13.174,0,0,0,0.997,0.312,-0.08559213,-0.125108962,0.164127683,0.264995226,0.453470221,9.6,-1.016744921,-0.170711106,0,1.528302657,4.036458333,-0.927473583,-0.052413545,-0.053546968
1990,2909,,0,22.391,2.352,49.151,16.591,0.185,5.785,3.553,7.906,4,19.659,1.511,0.65,19.601,3.176,0,10.378,31.022,0.65,24.658,0,1.376,2.516,14.182,0.115,0.12,0.505,1.858,8.875,0.073631151,0.084830061,-0.006840052,0.087803024,0.597810828,0.124059275,0.083701078,0.003608002,1,0.526149297,1.156334409,0.027995361,0.061300889,-0.079085311
1990,2916,,0,48.038,11.483,76.993,24.079,10.868,252.069,6.765,5.11,0.018,5.438,2.27,0.339,19.027,5.034,0,40.467,52.914,0.339,38.623,0,-12.486,13.832,288.124,0.364,0,1.03,1.386,4.125,-0.015114042,-0.027530041,-0.074421045,-0.06125559,0.641201148,-0.115604033,-0.197332275,0.142355647,1,0.862872629,0.947884372,-0.162170587,0.035782474,0.205063829
1990,2917,,0,1104.224,299.251,8351.409,3679.89,102.525,3966.637,92.968,157.444,1339.593,2688.62,323.198,222.623,477.337,0,43.545,801.21,4315.908,222.623,8647.856,300,2576.118,487.05,5089.944,0,7.952,196.964,226.795,25.625,0.00323646,0.010339772,-0.005208734,0.001475239,0.177937998,0.000666941,-0.108917341,-0.03273888,1,1.544676269,0.971585929,0.308465075,0.077397958,-0.036759085
1990,2918,,0,57.226,5.9,75.701,29.091,1.078,102.173,3.655,3.736,0.303,28.032,2.244,1.125,34.005,0,0,16.412,46.185,1.125,40.684,0,13.218,20.504,122.288,0,0.448,0.849,4.617,2.625,-0.089147358,0.032709449,-0.033862745,-0.082117158,0.762684773,0.003966151,0.700469387,0.040722617,1,3.032089115,0.91741633,0.174607997,0.087066221,0.017630712
1990,2928,,0,1.825,0.897,2.487,1.159,0.176,3.583,17.52,0.052,0,0.051,0.104,-0.979,0.443,0,0,1.152,1.328,-0.979,0.945,0,-27.845,1.172,2.647,0.475,0,0,0.056,1.812,-0.083133253,0.264105642,0.016506603,-0.109543818,0.724969843,5.839050132,-1.430585863,0.902263039,1,0.036508284,1.501802885,-11.19622035,-0.371129875,1.090636255
1990,2929,,0,0.963,0.236,2.747,2.125,0.586,0.421,12.195,0.006,0,0.077,0.174,0.067,0,0.06,0.465,0.361,0.604,0.067,15.587,0,-8.129,0.359,0.695,0,0,0,0.008,0.656,0.024184683,0.08061561,0.036277025,0,0.225700765,-0.114413076,-0.895444942,-0.008053684,0,0.265627673,1.051502146,-2.959228249,0.027302512,-0.08941004
1990,2930,,0,15.947,2.779,30.585,18.337,13.279,3.355,9.049,1.761,14.657,7.694,2.961,0.539,0,0,0,4.554,12.248,-1.027,17.176,0,-1.027,2.576,10.432,10.691,0,0.277,1.628,3,0.023298302,-0.096612527,-0.032986373,0,0.101029917,-0.129479945,1.699863462,-0.072157615,1,0.675470586,0.784459131,-0.033578552,0.028706883,0.194901192
1990,2938,,0,297.871,109.732,525.334,299.199,74.247,602.121,50.07,0.518,4.75,35.876,23.497,40.346,155.06,8.863,0,160.813,226.135,40.346,273.432,0,268.168,28.153,886.265,0,4.49,19.246,3.134,11.625,0.007970048,0.074967254,-0.004684823,0.032630408,0.513286785,0.141907652,0.051912647,-0.002014188,1,0.514031324,0.968003244,0.510471433,0.119402133,-0.067029473
1990,2939,,0,186.6,14.943,213.708,132.681,156.226,581.176,45.56,0,0,21.573,2.759,-0.405,5.314,5,0,35.66,72.027,1.026,19.313,9,-73.845,22.87,595.089,0.031,0.311,0.613,3.054,4,-0.02027282,-0.117897234,-0.084339246,0.000543484,0.19062927,-0.0358209,-0.025992442,-0.015158532,1,0.728056409,1.260929446,-0.34554158,0.021959871,0.103223163
1990,2942,,0,19.217,6.854,21.053,-5.443,1.857,31.433,1.398,18.711,0,0,0.47,-2.947,10.438,0,0,25.994,26.496,-5.697,3.096,0,-8.443,6.446,45.143,0,0.429,0.667,2.354,1.5,-0.156838556,-0.26025989,-0.076322066,-0.063204211,0.855317532,-0.074841046,0.70085784,0.013603613,0,-2.59561278,0.80126871,-0.401035482,-0.127107776,0.188790197
1990,2950,,0,25.324,4.46,54.381,13.187,2.279,31.269,1.23,9.92,2.859,20.669,2.076,3.303,8.251,11.309,0,20.378,41.194,3.303,19.25,0,25.36,13.327,84.364,0,0.217,2.1,3.824,22,-0.01283533,0.101912166,0.009841003,-0.030766267,0.827421342,,,,1,0.487324549,,0.466339347,0.169673232,
1990,2951,,0,12.248,1.851,13.177,8.303,2.281,7.752,3.837,1.176,0,0.144,0.417,2.429,5.377,0,0,4.521,4.665,2.429,3.532,0.209,-7.641,4.003,20.004,3.014,0.378,0.39,0.416,2.625,0.210916562,0.400482401,0.131767018,0.106842952,0.756393716,0.012237094,-0.026078008,0.084560999,1,0.824354344,1.169163952,-0.579874023,0.245503529,-0.300518135
1990,2953,,0,29.723,4.155,53.129,41.321,2.965,24.26,9.424,1.2,0,0,2.11,6.932,9.841,0.096,1.475,11.808,11.808,6.932,27.723,0,33.955,15.379,56.742,1.779,0,-0.225,0.168,8.875,-0.024102564,0.165148718,-0.009107692,0.037251282,0.57236161,0.279128548,0.037859701,0.004868123,1,0.494045769,1.40953844,0.63910482,0.129402022,-0.137887179
1990,2955,,0,2.605,0.596,17.906,14.072,1.561,8.358,37.375,0.678,0.525,2.039,0.812,0.129,0.574,0.107,0.55,1.779,3.834,0.184,18.991,0,-15.125,0.308,15.033,0.52,0,0.055,0.349,0.219,-0.012824087,0.024086981,-0.023975467,0.002230276,0.153133028,0.07696058,0.137863832,0.023831474,1,1.71921893,1.071342044,-0.844688931,0.032838155,-0.002955116
1990,2960,,0,67.883,16.446,277.169,109.504,0.775,222.419,10.189,15.891,0,82.151,5.413,3.737,28.767,5.49,0,53.506,143.924,16.554,57.122,0,70.835,35.083,340.654,5.921,6.113,1.611,5.582,18.25,-0.146970563,-0.0304756,-0.155473559,-0.086365492,0.864425675,-0.338962476,-0.074092264,-0.025525787,1,0.588891862,0.885606192,0.255566099,0.08567697,-0.042815393
1990,2962,,0,9.794,2.988,21.193,10.931,3.849,14.782,7.763,2.776,0.804,2.736,1.596,2.152,0,0.5,0.055,6.726,9.462,2.152,13.984,0.8,-1.974,4.995,25.396,3.34,0,0.127,0.816,7.75,0.030824488,0.20370966,0.001876273,0,0.448780258,0.019496704,0.185369403,0.097698545,1,0.181688988,0.983918129,-0.093143963,0.146038786,-0.103034202
1990,2963,,0,21.275,4.22,33.046,17.848,0.306,52.513,1.381,3.042,4.957,4.34,0.728,2.386,8.101,6.416,0,10.176,15.198,2.386,10.929,0,16.856,11.425,64.017,0,0.346,1.533,0.752,11,0.120753105,0.11707301,0.05829007,0.011566012,0.830690553,0.038595028,0.417387101,-0.008975803,1,1.1749065,1.213078751,0.510076863,0.141348423,-0.114444371
1990,2965,,0,24.424,3.301,36.397,21.2,4.595,30.419,4.583,0.079,0,2.5,1.332,3.697,8.254,0,0,11.441,15.197,3.697,17.853,0,10.808,9.79,48.726,0.978,1.551,1.357,0.235,22.5,0.024593441,0.097446312,0.068087692,0.026224475,0.6171113,0.233900011,0.045124272,-0.055767694,1,0.205590723,1.090576932,0.296947551,0.145314174,-0.096390937
1990,2967,,0,34.215,11.854,104.685,24.607,0.354,210.21,0.896,8.565,19.461,35.669,14.274,0.429,1.417,0,0,32.185,80.078,0.429,148.482,0,30.076,28.077,231.35,0,0,-0.116,5.858,12,-0.020587326,0.005049035,0.008424155,-0.000163752,0.357749439,-0.002881994,-0.18014124,0.007449444,1,2.28859747,0.897022361,0.287299995,0.058948273,0.002519969
1990,2975,,0,79.263,11.403,193.13,68.19,3.285,160.981,4.555,20.651,17.03,60.857,16.892,-5.718,33.286,0,0,51.236,124.94,-5.718,211.417,0,54.236,40.293,245.887,0.028,1.309,3.039,6.007,5.25,0.009093818,-0.010032535,0.016160862,0.019974399,0.433925335,0.168418723,0.066573673,-0.014254297,1,2.851497569,0.987946972,0.280826386,0.017231916,-0.005610966
1990,2982,,0,185,39.2,875.9,313.8,0.8,630,20.436,4.2,87.1,381,59,16.7,95.6,0,0,92.2,562.1,16.7,1010.6,0,259.7,83,841.2,0.4,4.3,12.4,34.9,13.625,-0.013568684,-0.006724304,-0.006964457,0.005523535,0.295581687,0.059677218,-0.049339083,-0.045520937,1,1.126991224,0.976252971,0.296495034,0.073067702,-0.030379443
1990,2983,,0,15.438,6.325,27.263,6.402,0.089,42.523,3.033,1.818,0.736,7.66,1.028,-0.121,9.87,1.35,0,9.196,19.723,-0.121,15.965,1.138,-1.675,5.141,52.225,0,0,0.007,2.119,1,-0.02316779,-0.007570023,-0.020456666,0.049398799,0.645857022,0.093110872,0.118256746,0.018943154,1,2.110781405,0.757083414,-0.06143858,0.073542897,0.027639385
1990,2986,,0,19.805,7.121,87.601,32.151,0,74.376,3.414,8.215,0,24.913,4.194,3.108,5.348,1.297,0,22.194,55.45,3.108,80.478,0,16.784,9.581,86.584,0,0.355,1.98,3.183,13,0.060167648,0.017808974,-0.00035966,-0.004107086,0.308717937,0.111902745,0.011787513,-0.009031014,0,0.724415304,0.908841481,0.191595986,0.09441673,-0.023575137
1990,2991,,0,10089,4819,35089,14836,1684,29782,350.8,59,24,6710,2693,2157,2801,237,458,9017,20253,2157,44308,0,13251,5039,38607,0,1506,2056,635,72.625,0.003479623,0.028706885,0.033578357,0.003247648,0.304340392,0.297069825,-0.020919168,0.055147758,1,0.582332588,0.944555193,0.377639716,0.138162957,0.026561118
1990,2999,,0,12.62,0.736,17.187,14.675,8.032,11.725,0.62,0,0,0,0.463,1.25,2.339,0.229,7.107,1.747,2.512,1.25,15.369,0,17.238,1.632,17.041,0,0.128,0.665,0,19.125,0.000972596,0.025058642,-0.027061045,0.005778363,0.280269972,-0.059600515,-0.001535695,-0.009621962,0,1.237613325,0.964588879,0.78457252,0.111421423,-0.037530751
1990,3007,,0,23.18,14.291,197.718,132.394,7.067,284.981,11.387,8.993,6.337,12.185,14.305,18.09,3.512,12.617,0,41.569,65.324,18.09,198.761,0,58.036,4.247,347.127,2.047,0,9.322,3.226,36.25,-0.02442543,0.289736141,-0.005053537,-0.004888501,0.223636695,0.217171876,0.012823562,0.003120267,1,0.320738751,1.007191757,0.293529168,0.154958072,-0.266613931
1990,3011,,0,174.132,3.449,265.374,120.257,154.152,72.418,16.282,0,117.916,121.5,5.695,4.024,3.656,56.124,107.989,21.035,145.117,6.829,44.229,0,-55.933,14.571,52.407,4.098,0,3.03,4.491,44,-0.006459988,-0.130826304,0.02817971,0.010426287,0.326870756,0.168580467,0.168224062,0.244781779,1,0.167861051,1.023231093,-0.21077046,0.054074627,0.262453051
1990,3013,,0,95.501,8.878,179.018,45.01,37.346,170.882,8.392,6.697,3.147,106.097,3.995,3.396,31.885,3.148,28.958,25.019,134.008,4.407,75.845,0,13.74,24.138,245.683,0,0.572,3.013,10.042,7.625,0.035933557,0.027254272,-0.013314813,0.030810368,0.518014948,0.041196663,0.411930439,0.005039765,1,0.703402444,1.012885792,0.076752059,0.097543264,-0.023933788
1990,3015,,0,1087.568,19.871,1939.181,966.267,869.574,194.85,25.219,1.875,0,17.5,8.279,291.697,0,690.898,825.928,242.206,359.492,291.697,87.203,7.012,708.35,60.774,297.555,0.5,93.771,277,2.598,25.2499,0.000492024,0.396185404,0.001601049,0,0.537597573,0.132933022,0.103558362,-0.211049314,1,1.517432831,1.044169937,0.365283076,0.294606331,-0.498414432
1990,3016,,0,28.495,1.635,52.881,30.733,19.579,14.778,5.187,0.451,4.221,13.271,0.695,2.858,4.487,3.222,0,3.186,21.134,2.858,19.68,0,13.233,4.429,21.238,0,0,2.007,1.253,12.875,,,0.072195061,0.093949895,0.309468429,2.255856515,-0.351042581,0.026030937,1,0.460194549,1.180657323,0.250241107,0.115693727,
1990,3026,,0,133.318,27.376,253.479,118.702,45.704,255.503,20.222,1.401,0,29.635,8.258,23.206,40.29,0,18.717,84.022,134.776,22.482,161.557,0,111.675,42.326,429.287,1.917,8.127,15.767,3.624,17.625,-0.064245681,0.047522058,0.0159651,0.021776428,0.413130871,0.095425991,0.334269883,0.054847464,1,0.333046447,1.032165677,0.440569041,0.165193172,0.010904268
1990,3033,,0,171.119,34.619,1155.254,320.428,14.817,390.412,12.631,44.133,1.25,298.217,52.919,40.784,45.11,137.348,0,100.678,747.906,40.784,1348.644,85.299,167.142,100.053,537.461,22.243,1.103,24.344,28.802,35,0.019942446,0.026520974,0.029342837,-0.01192811,0.291526366,0.120320814,-0.271160903,-0.011753817,1,0.72481084,0.942061434,0.144679871,0.081306795,-0.037043826
1990,3036,,0,337.021,89.866,1645.446,578.61,4.069,743.56,60.937,139.218,74.899,437.038,98.753,90.994,25.856,35.661,0,335.13,1006.836,90.994,1466.349,60,378.273,249.137,1012.893,21.987,29.46,41.572,45.254,23.25,0.024418721,0.038217188,0.021475735,0.000289409,0.39982169,0.181286486,-0.075421552,-0.011520356,1,0.408396403,1.144683409,0.229890862,0.108067965,-0.040440615
1990,3039,,0,465.339,143.875,4156.48,1399.009,5.24,1049.725,52.082,9.032,307.338,1650.749,93.579,234.736,132.659,40.362,0.527,376.005,2467.975,234.736,4728.613,289.5,536.743,226.835,1438.468,80.782,155.86,46.11,148.778,29.875,-0.000927142,0.037088456,-0.010014294,0.006613765,0.137791593,0.06142301,0.230968926,-0.007979069,1,0.89913568,1.068611422,0.129134027,0.103362461,-0.038338006
1990,3041,,0,489.676,72.764,692.982,241.67,45.188,624.101,27.303,12.161,0,157.273,23.658,-22.147,233.396,0,0,236.151,445.312,-24.288,444.437,6,74.937,196.953,837.689,52.046,9.741,4.351,19.734,11,-0.056829124,0.007189925,-0.00226081,-0.023559405,0.705011097,-0.054821072,-0.256301162,-0.059898232,1,0.804673479,1.045623952,0.108137008,-0.000292937,-0.066052183
1990,3048,,0,8.19,0.654,9.828,8.771,5.011,3.631,2.006,0.005,0,0.023,0.465,-0.324,1.258,0,0,1.034,1.057,-0.324,3.814,0,3.05,1.723,9.872,0.045,0.058,-0.082,0.007,2.75,-0.057750309,-0.031347342,-0.073077874,0.016514215,0.32987383,0.037446226,0.27370644,-0.030623793,1,1.589957678,1.114493665,0.31033781,-0.040598291,0.0007911
1990,3050,,0,27.646,2.113,40.747,10.914,0.619,13.046,2.488,12.439,0.252,11.609,1.376,0.475,18.294,2.744,0,17.756,29.833,0.475,13.467,0,7.652,6.376,41.326,0.027,0.169,0.234,2.782,3,0.115588394,0.024742648,0.020114905,0.11661386,0.764915209,0.240587246,0.01120838,-0.049466055,1,1.462218957,0.820576898,0.187792966,0.085675019,-0.059766246
1990,3051,,0,401.568,129.532,1143.94,-788.818,149.301,2832.601,45.062,3.698,0,86.082,94.847,-306.998,170.482,31.185,0,275.586,1835.258,-306.998,1010.119,97.5,-950.852,75.895,3598.851,0,0,0.952,28.885,1.125,-0.051658444,-0.319528746,0.017445818,-0.003991349,0.310361557,-0.051078166,-0.137746427,0.21178868,0,-7.034304207,0.880934611,-0.83120793,-0.242286309,0.704827911
1990,3053,,0,24.757,2.936,41.93,19.255,0.281,25.882,5.343,1.2,13.529,14.829,1.59,0.328,13.737,0,0,7.829,22.675,1.791,18.148,0,4.031,10.2,54.706,0.122,0.109,0.821,1.744,11,0.067063172,0.048143525,0.033653964,0.011185354,0.673837348,0.101584285,0.058074818,0.035708749,1,0.327616423,1.016416142,0.096136418,0.103887431,-0.036419708
1990,3054,,0,450.41,194.462,874.063,366.867,25.241,1648.047,46.34,15.065,2.516,94.35,29.133,56.651,389.818,0,0,261.04,507.196,3.151,443.856,0,294.752,26.631,2366.901,8.801,16.119,34.75,14.227,15.625,0.053156795,0.084836224,0.021301012,0.073783884,0.56445588,0.119883246,0.006069652,-0.116079723,1,0.506678636,1.062796402,0.337220544,0.059638722,-0.111854876
1990,3055,,0,1.785,0.014,2.392,2.108,0.81,0.759,4.772,0.004,0,0.136,0.093,0.287,0.765,0,0,0.148,0.284,0.287,1.144,0,0.802,0.155,2.441,0,0.031,0.114,0.02,0.187,0.004448399,0.046263345,-0.012900356,0.021797153,0.43770903,0.00162206,0.087852249,-0.004232801,0,2.362265737,1.238205582,0.335284281,0.176003345,-0.033362989
1990,3057,,0,22.664,4.654,34.329,6.881,1.831,29.463,4.184,6.076,3.045,10.32,1.871,-0.431,16.199,0,0,14.028,26.932,-0.167,15.669,0.468,1.668,2.711,40.031,0.06,0.308,0.652,2.124,2.125,0.078154397,0.042531536,-0.052308546,0.102889924,0.693582685,0.293138713,0.405484986,0.041676062,1,0.773928692,0.965510481,0.048588657,0.075999884,-0.017024951
1990,3062,,0,117.524,11.324,305.822,185.632,18.439,174.269,21.71,10.059,27.224,58.919,19.194,31.432,62.822,0,12.899,53.368,120.19,31.432,197.255,0,148.193,35.261,322.479,0.466,2.431,17.345,5.648,47.5,0.037868939,0.102392211,0.012214635,0.037593931,0.440834865,0.140584057,0.054332815,-0.001488629,1,0.180011152,1.069883319,0.484572725,0.177962998,-0.085156004
1990,3063,,0,54.285,11.973,792.479,184.843,18.134,363.239,27.489,0.938,150.889,496.75,42.311,76.292,16.573,0,0,61.456,607.636,76.292,921.375,0,281.587,5.977,692.052,4.585,0.818,39.566,51.404,53.875,0.018301662,0.032529777,0.005207435,0.009861555,0.071773511,0.314880869,-0.016268712,-0.021221083,1,0.124812162,0.899800354,0.355324242,0.211061744,-0.030856201
1990,3078,,0,98.387,72.581,1454.618,606.229,28.118,345.833,50.449,18.172,65.029,412.348,45.262,105.624,10.232,408.212,0,176.904,848.389,105.624,1232.964,0,228.223,56.148,528.251,0,27.693,41.063,33.514,23.9998,-0.016332345,0.073967695,0.011398592,0.001792829,0.37353862,0.552970068,-0.213468708,-0.001116571,1,0.500697887,0.998495835,0.156895487,0.123882009,-0.060904444
1990,3087,,0,46.254,15.466,134.107,73.63,1.885,117.052,20.349,0,51.425,28.918,12.124,20.453,35.985,0,0,25.957,60.477,20.453,113.425,0,63.227,0,255.199,0.395,4.934,12.534,2.522,12,0.160774475,0.151651081,0,0.090988959,0.392626783,0.341415851,0.096490163,-0.061581538,1,0.301530041,0.928661827,0.471466814,0.264781108,-0.143195046
1990,3091,,0,467.923,110.1,1100.274,580.236,70.3,1173.923,17.249,66.75,13.13,129.562,41.922,49.524,221.188,12.1,0,282.116,520.038,60.299,640.283,0,359.789,144.778,1445.426,0.468,7.907,25.96,24.552,26,0.021667079,0.178761926,0.013425939,0.038974042,0.660489115,0.032883494,-0.103413902,-0.013096855,1,1.293800756,1.056437601,0.326999457,0.100712186,-0.193168772
1990,3093,,0,72.623,7.07,144.127,82.689,14.81,133.989,9.897,0.799,43.9,35.81,7.801,20.405,23.855,0,0,20.758,61.438,20.405,104.714,0,136.147,29.771,214.71,0.513,1.674,12.151,3.736,20,0.034397534,0.01240114,0.032551175,0.001017679,0.600643877,0.024647252,-0.012325738,0.096538586,1,0.417747842,0.898262754,0.78457252,0.251805699,0.078201326
1990,3099,,0,2.904,0.533,3.275,1.418,0.129,5.444,1.784,0.759,0.159,0.304,0.245,0.049,1.248,0,0,1.491,1.801,-0.698,1.186,0.056,-6.173,1.42,8.192,0,0,0.015,0.164,0.187,-0.186071467,-0.151089173,-0.194870694,-0.222021888,0.899541985,-0.43291581,0.614380163,-0.116046922,1,4.250498045,0.481514878,-1.884885496,-0.158473282,0.204313768
1990,3104,,0,0.266,0.085,0.939,0.625,0.091,0.123,4.458,0.166,0.426,0.063,0.002,-0.123,0.018,0,0.086,0.251,0.314,-0.123,2.488,0,-1.041,0.156,0.06,0,0,0,0.042,0.312,0.205586592,0.187709497,0.174301676,0,0.618743344,-5.363636364,-1.334128499,0.21927202,1,0.449350663,4.036458333,-1.108626198,-0.086261981,0.030167598
1990,3105,,0,20.605,2.383,101.684,2.745,1.7,43.533,5.787,0.156,16.625,80.946,6.595,-0.35,0,0.64,0,8.942,98.939,-0.35,46.814,0,-0.206,13.535,60.311,0.44,0.217,0.346,7.982,10.625,0.017303841,-0.001640706,0.015897522,0,0.651036545,0.444258708,0.513995685,0.000922811,1,0.044643674,0.751398035,-0.002025884,0.078458755,0.001722232
1990,3107,,0,266.2,31.8,507.5,290.8,98.1,262.2,11.689,11.8,0,41.2,2.3,73.8,36.1,0,0,94.3,216.7,73.8,183.3,0,335.7,121.1,309.9,0,0.6,32.8,6.1,27.125,0.13932731,0.135626429,0.182867095,0.011755742,0.734581281,-0.382618202,-1.541738452,0.009350943,0,0.917164627,1.066151738,0.661477833,0.222068966,-0.11102645
1990,3108,,0,766.607,311.713,11894.199,2810.033,53.278,1515.383,138.401,411.041,528.44,4136.965,251.64,326.3,161.336,67.489,0,1233.183,8419.377,326.3,10709.699,664.824,654.836,323.627,2367.675,0,323.716,109.024,384.278,18,0.002525732,0.005060461,0.002427178,0.002463,0.302002094,0.028348269,-0.065528119,-0.000916537,1,1.127975553,1.108339697,0.055055074,0.068907709,-0.005587016
1990,3114,,0,11.235,1.613,48.109,29.637,6.826,10.49,5.712,0.148,0,4.805,3.262,9.043,0.69,1.015,0,4.879,18.264,6.027,59.131,0,20.089,3.666,22.488,0.173,0.795,4.482,0.395,22.25,-0.005980378,-0.071131579,-0.000982179,-0.0009167,0.144900123,0.092138426,0.023987467,-0.003084991,1,0.233193277,0.981611145,0.417572596,0.226651978,0.145668045
1990,3116,,0,9.823,1.318,11.261,6.712,4.735,4.49,2.661,0.215,0,0.148,0.625,-0.49,2.602,0,3.153,4.324,4.472,-0.084,2.098,0,1.743,2.064,9.269,0.003,0.238,0.228,0.168,2.75,0.020305007,-0.085626647,-0.016071197,0.060223787,0.538051683,0.013506271,0.171370216,-0.097462453,1,0.917222834,0.896729939,0.154781991,0.027706243,0.105586037
1990,3121,,0,418.405,79.299,1137.735,810.514,124.599,661.816,54.032,0.78,0,7.503,47.793,153.626,128.127,0,0,225.562,327.221,153.626,712.437,0,706.972,151.475,1484.042,0,8.338,89.991,3.868,42.125,-0.064588417,0.113243697,0.006909067,0.014883292,0.435624289,0.091478322,-0.000877212,0.025894691,0,0.356098024,1.081230255,0.621385472,0.217524292,-0.106381422
1990,3122,,0,38.804,15.675,70.17,42.04,15.459,119.098,14.085,0,0,0,4.362,0.078,19.275,0,0,24.263,28.13,0.078,46.839,0,34.256,0.062,209.02,0.072,1.554,0.052,0,2.312,-0.063890042,-0.008881706,-0.021621858,-0.023267157,0.337608665,0.117727642,-0.100434381,-0.005895336,1,1.290975957,0.984525677,0.488185834,0.001852644,0.003305159
1990,3124,,0,159.233,13.931,495.135,243.217,100.992,347.494,14.165,15.891,0,117.324,19.21,36.903,14.712,16.927,19.026,118.14,251.918,38.054,394.351,0,113.139,27.562,523.169,0.946,0,2.194,10.667,16.875,-0.023857763,0.023056135,-0.006663394,0.001401202,0.219495693,0.137404217,0.045622942,0.032038455,1,1.017498006,1.103201798,0.228501318,0.102830541,0.013122538
1990,3126,,0,61.939,10.391,105.248,54.386,2.188,235.917,7.156,20.67,2.573,7.838,3.232,-11.479,42.905,10.532,1.717,38.854,50.862,-11.479,51.749,0,34.553,15.229,272.242,0.148,1.2,-1.13,3.536,3.625,-0.113223137,-0.13400254,-0.031107576,-0.053012091,0.737173153,-0.131313609,0.09847911,-0.083054345,1,2.096567144,1.045889202,0.328300775,-0.086205914,0.053451587
1990,3129,,0,49.239,6.14,76.078,26.18,1.548,112.438,4.34,1.164,0.579,40.282,3.42,-0.234,32.49,0,0,9.616,49.898,-0.234,9.958,0,11.147,11.683,141.673,1.31,0,-0.512,5.22,2.125,-0.117634634,0.009939555,-0.086958683,-0.08510744,0.903020584,0.095060619,-0.232238747,-0.055552559,1,2.838709677,0.768831068,0.146520676,0.058808065,-0.060730682
1990,3130,,0,3244.2,1839.1,9229.6,1980.9,70.7,8297.3,103.584,806.4,784.7,3436.4,309.4,225.6,1252.7,0,0,2974.4,7183.5,225.6,7048.9,0.1,1084.1,1795.6,9381.1,4.5,0,154,461.5,32.25,0.013508935,0.028106583,0.00229963,0.005321365,0.461601803,0.206765851,3.358278415,0.004616197,1,0.59298015,0.928269687,0.117459045,0.09113071,-0.022851874
1990,3132,,0,0.398,0.211,0.82,-0.926,0.023,0.944,2.18,0.493,0.229,0.017,0.028,-0.964,0.317,0.024,0,0.801,1.746,-0.964,0.318,0,-0.932,0.058,0.736,0.239,0,0,0.081,0.5,-0.47483871,-0.848172043,-0.066236559,-0.222021888,0.643902439,-0.235902256,-2.359722688,-0.554893435,1,-0.849541454,0.760120987,-1.136585366,-1.076829268,0.434408602
1990,3134,,0,1.143,0.413,4.607,3.355,0.832,1.091,6.715,0,2.953,0.711,0.488,0.096,0.062,0,0,0.455,1.252,0.127,8.261,0,-5.456,0.204,2.425,0,0,0.031,0.142,0.562,0.014052412,0.015191796,-0.046145082,-0.00075959,0.094204472,0.166083916,1.024120293,0.672638522,1,0.88901729,0.724580313,-1.184284784,0.065118298,0.080326624
1990,3138,,0,35.452,42.098,467.972,160.815,3.175,240.061,9.181,1.222,127,237.564,29.514,0.229,19.259,0,0,46.77,299.877,2.204,240.467,7.28,-0.795,10.555,431.037,0,0,1.976,24.087,19,-0.019960633,-0.012693889,-0.000512818,-0.004296762,0.693746634,0.070525741,-0.068636576,0.026476045,1,0.921898199,0.939519375,-0.00169882,0.060403187,0.019628938
1990,3144,,0,4142.778,1576.426,9278.187,3774.164,1492.124,3972.461,668.239,2000.883,592.417,535.861,236.389,1381.904,982.313,0,62.569,4296.491,5429.023,1381.904,3785.74,75,6451.607,951.74,10236.35,29.904,618.59,632.532,238.979,46.5,0.003056594,0.014006371,0.014955193,0.02200775,0.582063931,0.131667603,0.100747423,-0.061747103,1,0.121460761,0.924389835,0.69535212,0.242872341,0.007526342
1990,3148,,0,6.825,2.716,7.666,4.223,1.176,6.496,4.59,0,0,0,0.306,-1.54,2.89,0,0.05,3.443,3.443,-1.54,2.937,0,-21.713,2.673,10.59,0.044,0,0,0,3.5,-0.010133402,-0.205874808,0.096459723,0.057593638,0.767805896,0.041499047,-0.408968884,0.067486743,1,0.262869592,0.889719276,-2.832376728,-0.200887034,0.324268856
1990,3153,,0,138.087,1.139,238.814,166.02,104.774,35.801,11.98,1.913,0,59.548,7.104,-1.739,30.906,2.383,0,9.934,72.794,-1.739,117.894,0,32.707,2.407,52.055,49.094,0,-0.95,4.044,17,0.049496938,0.097494804,0.002386558,0.05031085,0.171920407,-0.246439538,0.25550685,-0.056616432,1,0.815182166,1.464506312,0.136955957,0.005673872,-0.148739125
1990,3156,,0,7.767,0.579,9.794,8.36,1.861,10.26,2.071,0.007,0,0,0.486,0.819,2.694,0,1.3,1.434,1.434,1.2,6.7,0,-4.278,3.022,16.964,0.031,0.015,0.592,0.004,7,-0.013485477,0.097302905,0.039834025,-0.059647303,0.635389014,-0.004742181,0.035439172,0.037199143,1,0.576671114,0.962587246,-0.43679804,0.183377578,-0.071058091
1990,3157,,0,122.513,9.897,164.296,96.295,24.182,106.798,8.866,9.699,5.913,6.96,7.656,-0.449,41.738,0,11.268,52.259,65.103,-0.449,57.205,0,43.101,48.753,191.248,1.707,0.634,4.204,1.199,8.75,-0.002694518,-0.024109814,-0.010496373,0.001653454,0.674149097,-0.033227452,-0.04050797,-0.056889146,1,1.241274854,1.003754517,0.262337488,0.030152895,-0.03106657
1990,3158,,0,21.285,2.279,27.98,23.021,1.055,29.722,1.962,0,0,0,0.703,2.728,10.717,0,0.6,4.339,4.959,2.728,11.443,0,16.966,9.147,43.947,0.042,0.246,1.6,0,10.5,0.107449279,0.094358817,0.097928943,0.054933876,0.737598285,0.241855163,-0.195629557,-0.001125402,1,1.117470026,1.12997531,0.606361687,0.154681916,-0.083801992
1990,3165,,0,0.861,0.015,0.861,0.836,0.843,0,4,0,0,0,0,-0.114,0,0,0,0.025,0.025,-0.114,0,0,-0.114,0,0,0,0,0.006,0,0.25,0.609004476,1.504203875,-0.304659498,0,0.020905923,-0.613701068,1.157151823,-0.153761122,0,0.836,,-0.132404181,-0.12543554,-1.894149997
1990,3170,,0,1812.7,539.8,4157.9,1348.4,276.4,3012.7,66.604,274,204.1,1068.4,126.2,321,692.4,0,110,1296.7,2794.3,321,2124.3,15.2,1760.2,665.7,5691.3,32.1,32.5,190.4,109.2,73.75,-0.000765234,0.116469378,0.016851254,0.026434608,0.605858727,0.119206413,0.039449528,0.000515095,1,0.274508886,0.951986477,0.423338705,0.149258039,-0.105820311
1990,3172,,0,40.715,2.464,70.804,44.207,24.176,13.821,8.259,2.95,0,12.859,2.81,4.095,6.935,0,13.396,12.159,25.931,4.095,31.351,0,9.623,7.987,54.347,0,0.174,2.855,1.691,22.125,0.019326587,-0.03525299,0.03076357,0.020047838,0.379893791,0.267573861,0.170293032,0.010608748,0,0.241924748,0.810564533,0.135910401,0.122041128,0.053873045
1990,3178,,0,31.765,8.542,52.278,11.363,1.924,119.967,4.373,11.858,0,17.853,2.01,1.386,18.956,0.544,0,23.062,40.915,2.025,28.817,0,1.176,9.83,140.045,0,0,0.859,4.652,2.75,-0.089934339,0.02181126,-0.08249511,-0.09316499,0.639580703,0.100888199,0.236159129,0.003642524,0,0.944889175,1.073203955,0.022495122,0.144152416,-0.017497904
1990,3185,,0,46.393,11.009,237.836,80.109,4.639,114.607,4.966,31.017,0,68.837,5.129,5.695,15.348,5.076,0,47.729,157.727,5.695,203.949,0,18.916,18.762,134.298,16.136,0,2.047,8.445,22.5,-0.040575703,0.060670579,-0.030311963,0.011281632,0.32272238,0.080499897,1.272594958,-0.0158227,1,0.716955342,0.990241719,0.079533796,0.068059503,-0.074335773
1990,3203,,0,7.156,1.922,11.887,4.412,0.094,13.46,4.258,0.042,0,0.471,0.561,1.19,2.248,0,0,5.093,7.475,1.115,9.231,0,1.578,4.523,22.379,0,0.022,0.728,0.061,1.5,-0.105628212,0.052563406,0.023565788,-0.01855179,0.754521746,-0.167439057,0.023995243,0.03692257,0,0.690778143,1.061687681,0.132750063,0.160174981,-0.01236786
1990,3206,,0,1461.618,321.532,6196.254,1757.766,7.939,1846.977,50.472,770.689,349.5,1428.737,248.832,104.655,486.563,487.709,0,1932.777,4438.49,104.655,7405.043,0,743.414,800.528,2357.905,225.3,138.457,57.896,181.095,46.875,-0.020067162,0.025969113,-0.060667918,0.027721379,0.3449978,-0.068625594,5.088254011,-0.007979162,1,0.742966556,1.102685008,0.119977974,0.055460283,-0.032784216
1990,3212,,0,28.275,14.97,66.791,-20.975,6.758,90.913,5.486,2.003,8.577,27.242,5.375,-0.607,0,0,0,43.874,71.116,-1.261,26.732,16.65,-26.564,19.674,129.849,0.094,0,0,4.691,1.625,-0.150465827,-0.070419972,0.00356649,0,0.650551721,0.459875466,0.107379621,0.251448284,1,-2.3528422,1.031165382,-0.397718255,0.051354224,0.246069583
1990,3213,,0,0.48,0.474,9.927,7.424,0.235,0.14,35.633,0.06,0,0.045,0.133,-0.118,0,0,0,1.133,1.178,-0.118,10,0,-4.12,0.233,0.537,0.73,0,0,0.023,0.125,-0.035477558,0.450350357,0.01818067,0,0.048453712,0.132564842,-5.983438996,0.055126837,1,1.666769568,1.401280221,-0.415029717,-0.00956986,-0.413736507
1990,3216,,0,58.294,18.221,166.772,69.42,38.668,118.955,8.099,6.564,22.707,48.675,18.967,13.076,5.732,0,6.701,37.759,97.352,13.076,145.169,0,37.506,3.31,201.71,0.28,5.637,8.698,3.042,19.25,-0.01774837,0.019253389,-0.009057228,0.011491019,0.147362867,0.281338348,-0.02286721,-0.033892547,1,0.44526945,1.013123506,0.224893867,0.148801957,-0.018833068
1990,3218,,0,12.446,0.607,18.088,6.975,0.059,42.559,4.631,0,0,4.463,2.81,1.685,0,0,0,6.65,11.113,1.741,15.252,0,1.767,11.791,72.69,0,0,0.412,0.783,2.375,-0.037403963,0.087848767,-0.012080469,0,0.878482972,-0.106043148,0.010557411,0.030035469,0,0.63417018,0.753643747,0.097689076,0.162317559,-0.07253336
1990,3226,,0,251.458,95.722,2456.573,-21.689,206.231,243.935,113.257,37.944,41.507,2001.932,161.218,-178.406,0,218.832,117.602,186.984,2232.03,-178.406,790.421,0,-375.72,27.496,657.039,2.264,0,-4.651,202.617,13.125,0.000357589,-0.039300292,0.00107753,0,0.704717507,0.177349935,0.059140016,-0.010746822,1,-0.014590669,0.834915425,-0.152944773,0.007962312,0.027530406
1990,3227,,0,1.378,1.966,21.54,5.599,1.062,31.959,4.263,0.264,4.75,8.878,14.96,3.195,0,0,0,5.563,14.541,3.5,34.629,1.4,1.009,0.172,53.061,0.259,1.332,1.847,1.1,9.75,0.021277104,0.179588324,0.005259509,0,0.082915506,0.117911582,0.081943283,0.008355928,1,0.13470711,1.01001181,0.046843083,0.299303621,-0.118147697
1990,3228,,0,136.858,94.058,478.128,29.634,24.107,140.938,42.382,29.37,91.812,290.761,20.877,-40.833,0,0,0,157.733,448.494,-40.833,23.102,0,-67.182,107.711,189.755,36.965,0,0,40.951,2.875,0.038970155,0.020314209,-0.018805132,0,0.927793394,1.029271814,-1.491234541,-0.052812721,1,0.243204221,0.960291155,-0.140510491,0.000246796,-0.076012363
1990,3229,,0,28.519,6.534,44.163,6.994,1.474,61.316,17.905,9.666,0,16.819,2.095,0.744,19.132,0,0,20.02,37.169,1.014,36.523,0,-90.912,7.421,80.127,0,0,0.587,3.358,0.625,-0.048702388,0.017871245,-0.05300793,-0.012786811,0.652061681,0.036240886,1.247769606,0.06270028,0,0.624988284,1.100883127,-2.058555805,0.112288567,0.032562014
1990,3234,,0,1.342,0.365,2.837,0.566,0.495,2.141,5.024,0.007,0,1.235,0.084,-0.883,0.614,0.031,0,1.036,2.271,-0.956,1.756,0,-5.485,0.226,2.603,0,0.187,0,0.183,0.031,-0.095711297,-0.158472803,-0.107740586,-0.06040795,0.312654212,-0.330892144,-0.350048064,-0.160405891,0,3.634168893,0.892921609,-1.933380331,-0.27247092,0.051778243
1990,3235,,0,671.676,207.686,2490.351,1108.012,48.201,1106.404,79.333,154.043,128.123,428.369,87.137,59.098,418.448,40.598,0,374.993,1159.211,54.756,2470.284,204.851,666.29,198.517,1403.479,11.036,13.264,46.802,53.69,21.25,0.019704757,0.00759717,-0.017808683,0.038224065,0.315103775,-0.094186155,-0.078069265,-0.071380975,1,0.6572516,0.849173218,0.267548631,0.062339807,-0.070176039
1990,3244,,0,2.734,0.744,4.819,2.217,0.213,4.616,1.22,0.624,0.005,0.364,0.316,-1.867,1.352,0,0,1.717,2.081,-1.867,6.949,0.521,0.186,1.003,6.427,0,0,0,0.073,1.625,-0.154541347,-0.314143696,-0.103569815,-0.069769544,0.587466279,-0.238882244,-0.164979819,-0.195499846,1,1.118284994,0.979296288,0.038597219,-0.372276406,0.154541347
1990,3246,,0,289.196,68.692,415.746,200.426,38.638,984.942,10.766,19.4,0.55,54.38,22.212,25.92,82.219,0,29.337,148.921,215.32,25.92,251.368,0,160.331,156.92,1137.236,2.041,3.653,13.9,8.849,19,-0.026675322,0.046379992,-0.001425271,-0.004884248,0.631310945,-0.102793502,0.311575196,-0.013121676,1,0.979819552,1.091241375,0.385646525,0.117064265,-0.052442783
1990,3248,,0,182.466,41.433,361.559,130.265,12.049,296.909,9.854,8.968,3.221,69.852,16.276,27.607,59.762,0,0,102.268,193.7,27.607,216.728,37.594,81.858,89.788,453.075,64.973,15.777,23.184,6.17,14,0.039233502,-0.100110665,0.030173569,0.012120683,0.632322802,0.020654517,-0.063824165,0.059153754,1,0.94425047,1.01518884,0.226402883,0.157542752,0.110268507
1990,3253,,0,557,120.4,649.2,252.9,78.4,638,32.379,38.9,1.6,156.5,14.8,1.5,236.2,0,0,238.9,396.3,1.5,157.4,0,219.7,234.1,887.3,0.1,28.8,-10,21.5,7.875,0.032200078,0.049706917,0.085033216,-0.018288394,0.759550216,-0.103348046,-0.44325544,-0.082532899,1,0.991824507,1.15022173,0.338416513,0.020024646,-0.125674091
1990,3255,,0,1691.978,337.178,20496.398,6345.184,575.946,3272.701,212.285,518.633,700.936,7305.805,878.938,128.291,681.622,381.567,483.559,1790.783,13285.209,128.291,26258.797,865.986,1497.303,387.166,5261.984,76.86,151.956,194.053,719.166,34.75,-0.017740942,-0.023281948,-0.004420302,-0.001596819,0.088179104,-0.069918808,-0.161719243,-0.027819462,1,0.860141899,0.972983764,0.073052007,0.050814294,-0.004287864
1990,3257,,0,176.24,89.216,1239.066,307.282,1.945,703.985,9.871,128.016,52,430.101,34.987,22.636,31.281,0,0,267.58,913.844,22.636,1329.98,17.94,188.329,132.051,812.805,4.172,11.354,9.679,47.136,33.25,-0.014037105,-0.00674856,-0.003700018,0.004965529,0.201979556,0.064765186,0.917920934,-0.019026592,1,0.936233807,0.913708458,0.151992711,0.064121685,-0.009044951
1990,3265,,0,66.269,15.827,580.429,77.932,24.057,119.93,16.475,45.266,127.12,364.97,62.527,-9.594,4.252,11.054,0,91.222,500.195,-9.943,507.167,0,45.892,36.426,200.383,0.146,2.718,-3.782,31.889,14.5,-0.001034406,-0.057370191,0.00297017,-0.000414137,0.43019732,0.278065653,0.154818758,-0.030425412,1,0.326229068,0.827488464,0.079065657,0.031294095,0.03103406
1990,3270,,0,1.46,0.435,3.597,0.939,0.17,2.374,4.932,0.178,0,0.975,0.224,0.039,0.039,0.471,0,1.566,2.658,0.039,0.735,0,-5.792,1.089,5.395,0.75,0,0,0.139,0.5,-0.001180638,0.191263282,-0.0094451,-0.008854782,0.856269113,-0.07452251,0.178820143,0.441409682,1,0.380778589,1.859994446,-1.610230748,0.049485683,0.220484061
1990,3273,,0,160.933,84.089,1228.682,558.064,2.357,225.071,18.799,38.708,0,375.181,108.718,-16.349,0,0,0,141.981,670.618,-16.349,1587.773,0,338.991,111.794,456.806,2.574,5.518,0.579,37.539,24,-0.013509562,-0.026058402,-0.017970176,0,0.164207663,0.325652553,-0.0675713,-0.064675009,1,1.236909765,0.814847027,0.275898076,0.017717359,-0.037250501
1990,3275,,0,21.164,1.346,30.362,26.115,8.064,22.393,4.378,0.015,0.15,0.13,1.349,3.247,8.09,0.62,0.977,4.11,4.247,2.848,13.356,0,10.555,4.857,33.505,1.141,1.213,0.8,0.031,6.5,0.055135461,-0.076282874,0.012365055,0.0373171,0.529115342,0.108748786,0.662371711,0.076978037,1,0.91770039,0.966205679,0.347638496,0.121171201,0.120258081
1990,3277,,0,15.199,1.489,28.821,15.627,1.325,4.876,2.742,0.753,0.032,1.449,0.495,1.819,0,5.233,0,7.567,10.006,1.819,4.024,0.002,3.422,12.294,28.596,0.984,0,1.045,0.478,16.5,0.018390894,0.142949181,0.069307511,0,0.885916519,0.300979822,0.030838399,0.010898279,1,0.345401499,1.168987728,0.118732868,0.115957115,-0.118584174
1990,3278,,0,143.391,79.664,238.871,-21.979,13.258,121.777,21.688,14.456,0,100.935,11.385,17.518,0,0,0,102.814,260.85,17.518,32.966,0,-19.196,83.837,450.819,4.296,3.663,11.257,16.481,25.125,0.089715029,0.091701826,0.099148905,0,0.864780572,0.210978694,-0.017362991,0.040910533,1,-0.040335092,0.964098114,-0.080361367,0.189457908,-0.048783371
1990,3282,,0,1687.932,292.367,2717.529,1859.013,434.7,1924.079,86.09,0.54,0,73.456,133.807,454.91,543.63,0,0,643.573,858.516,454.91,1186.822,0,1262.179,626.548,3598.768,22.645,50.631,216.205,54.886,56.375,0.009564223,0.184912472,0.040067239,-0.006411091,0.511750565,0.262520132,-0.070769957,0.00811137,1,0.383039454,0.813586081,0.464458337,0.267154831,-0.134325086
1990,3288,,0,46.065,12.124,99.084,28.976,3.56,71.082,21.841,13.106,0,28.078,2.619,-27.5,0,0.286,0,34.844,70.108,-16.035,45.871,0,-10.969,28.219,84.689,0,0.371,0.401,7.555,3,-0.217312902,0.076492878,-0.176137214,0,0.616002584,-0.292600313,0.189076462,0.204579844,0,0.442226552,2.220014446,-0.110704049,-0.081536878,0.187829281
1990,3289,,0,40.657,10.086,55.862,34.769,4.69,28.63,8.354,0.196,4.3,4.371,3.481,2.6,17.673,0,0,16.722,21.093,2.6,19.107,0,-5.694,17.434,51.754,1.187,0,0,0.156,11.25,0.18774375,0.200918016,0.15625098,0.198387721,0.747592281,0.672028395,-0.026176521,0.030061997,1,0.369951853,0.927573507,-0.101929755,0.049335863,-0.16538932
1990,3297,,0,4.372,4.674,6.72,-12.671,0.073,22.098,1.014,2.665,0,0,5.079,-9.691,0.751,0.055,0.073,10.845,11.461,-10.091,0.659,7.93,-13.831,3.451,32.748,0,0,0.007,1.061,0.187,-0.61574508,-0.485837759,-0.304659498,-0.222021888,0.965327381,-0.132248812,0.1456567,-0.391830607,0,-7.034304207,0.416193202,-2.058184524,-1.342708333,0.180880975
1990,3304,,0,3.072,1.141,6.805,4.042,0.431,4.993,8.749,0.113,0,0.241,0.239,-2.982,1.792,0,0,2.356,2.763,-2.982,3.384,0,-22.493,0.794,6.124,0,0,0,0.036,1.687,-0.300078864,-0.080967403,-0.128943218,-0.036803365,0.802939015,-0.40548908,-0.769430554,-0.419029194,0,0.273856457,1.049854705,-3.305363703,-0.432916973,-0.332413249
1990,3306,,0,5.494,1.606,6.636,0.945,0.044,7.674,2.752,1.462,3.15,1.123,0.552,-4.831,2.348,0.252,0,4.568,5.691,-2.161,3.078,0,-11.591,2.891,10.204,0.384,0,0,0.472,1.563,0.180056833,-0.150477913,-0.054378714,0.133040558,0.942585895,0.033560311,0.348918317,0.223961125,1,0.219697139,1.160257909,-1.74668475,-0.254520796,-0.291268406
1990,3311,,0,20.027,0.094,20.027,19.933,19.916,1.064,10.565,0,0,0,0,0.539,0,0,0,0.094,0.094,0.819,0,0,-28.895,0.103,1.687,0,0,0.298,0,1.125,-0.035009382,-0.099612854,-0.05358288,0,0.005542518,2.420413123,1.273346662,0.030014499,0,1.677067887,,-1.442802217,0.055774704,0.099327839
1990,3315,,0,30.236,5.512,52.835,22.906,0.042,117.879,2.828,0.039,0,11.007,1.694,3.71,0,0.725,0,16.485,29.929,3.71,27.162,0,21.759,29.093,124.883,0.05,3.151,1.109,1.614,11.875,-0.027681978,0.084660258,-0.023224244,0,0.640957699,0.326962321,-1.755942353,0.0517051,1,0.682081441,1.01469473,0.41182928,0.121756412,-0.032103023
1990,3325,,0,31.417,4.445,79.728,33.566,0.376,71.667,13.758,6.337,0,18.804,9.636,-4.513,4.225,0,0,18.718,46.162,-4.513,96.806,0,7.509,26.172,119.389,0.131,0,-2.801,2.753,2.875,-0.032325267,-0.06497104,-0.032096335,-0.027494792,0.485663757,-0.008761043,0.172054505,-0.058502486,1,0.848606661,0.890382774,0.094182721,-0.057207004,0.005872118
1990,3333,,0,67.821,2.575,115.36,40.206,35.679,61.03,20.071,2.536,0,57.989,4.457,4.061,12.404,0,0,17.165,75.154,5.293,47.72,0,13.272,18,107.458,0.245,0,1.119,6.746,1.75,-0.026912793,-0.029547368,0.002259453,-0.055701194,0.478207351,-0.137536808,-0.033645059,-0.016373357,1,1.144679246,0.779571471,0.115048544,0.114060333,0.02946013
1990,3334,,0,3.4,0.531,4.551,2.327,0.519,8.08,3.831,0.473,0,0.538,0.416,-0.359,0.954,0,0,1.686,2.224,-0.359,4.991,0,1.619,1.555,10.87,0,0.001,-0.084,0.114,0.25,-0.05675648,-0.063108288,-0.06782092,-0.018235836,0.638101516,-0.060712788,0.049266964,-0.081070317,0,2.429652832,1.119796494,0.35574599,-0.072291804,-0.018440734
1990,3336,,0,617.828,53.785,1006.821,526.226,136.978,1437.23,16.111,32.692,0,108.867,40.203,64.991,0,0,63.674,354.963,480.595,64.991,251.526,0,450.733,443.447,1737.791,4.621,113.339,37.551,13.951,66.5,0.032190182,0.112269701,0.056020019,0,0.730374118,0.173365554,0.083022246,-0.012753464,1,0.491166071,0.799005113,0.447679379,0.115703785,-0.112831907
1990,3342,,0,68.503,7.264,134.025,83.313,14.555,206.667,7.616,6.957,9.756,11.59,4.637,7.221,0,3.36,3.616,33.032,50.698,7.221,32.479,0.014,25.901,49.434,243.859,4.195,2.252,5.336,0.72,8.25,-0.019233804,0.037030885,0.037587304,0,0.76535721,0.024520023,-0.138634548,0.131827861,1,1.325964477,1.131185401,0.19325499,0.099063608,0.088013753
1990,3343,,0,5.568,1.042,8.255,3.938,0.407,12.197,1.884,1.756,2.095,0.237,0.693,1.73,0.219,0,0,4.08,4.317,1.73,4.002,0,-0.477,4.745,14.9,0,0.171,0.298,0.1,8.75,0.375080593,0.362346873,0.382809391,0.000322373,0.62713507,0.280318314,-1.107281267,-0.183030427,1,0.238883964,1.355203361,-0.057783162,0.257783162,-0.349613153
1990,3354,,0,12.664,1.428,19.17,15.064,7.594,3.75,5.981,0.041,0,1.139,1.148,0.145,0.047,0,0.899,2.632,4.106,0.145,10.371,0,7.847,4.624,10.628,0.197,0.273,0.17,0.155,1.5,-0.046016666,-0.027917839,-0.021707977,-0.002441484,0.270161711,-0.202125352,-0.009543005,-0.090429,1,1.679094912,0.830792398,0.409337507,0.024517475,-0.057852556
1990,3362,,0,4342.9,2363.4,9420.3,1817.4,966.5,16744.8,139.674,794.6,1354.7,2093,187.4,311.2,2019.8,0,250.8,4087.4,7246.8,311.2,2740.1,356.1,682.8,1228.9,19504.7,160,45.1,204,329.4,45.75,-0.048697662,0.017732552,-0.010810251,0.052169991,0.691304948,0.280233256,-0.067442711,-0.007268436,1,0.284409482,1.179930726,0.072481768,0.089657442,-0.00655603
1990,3365,,0,25.246,1.278,36.683,19.01,5.037,75.324,2.48,0.325,0,10,0.816,3.334,0,0,0,7.673,17.673,3.334,3.659,0,15.561,18.962,99.432,0.725,0.498,2.534,1.042,16,0.054729395,0.058889282,0.002744959,0,0.819562195,0.222735106,0.1177783,0.102873338,1,0.479083164,1.013438028,0.424201946,0.188370635,0.07318005
